,index,Unnamed: 0,player_name,team_abbreviation,age,player_height,player_weight,college,country,draft_year,draft_round,draft_number,gp,pts,reb,ast,net_rating,oreb_pct,dreb_pct,usg_pct,ts_pct,ast_pct,season,player_id
0,6118,6118,Kurt Thomas,MIL,37.0,205.74,104.32616,Texas Christian,USA,1995,1,10,70,3.0,4.2,0.7,-5.2,0.084,0.237,0.114,0.489,0.069,2009-10,1
1,483,483,Muggsy Bogues,GSW,33.0,160.02,63.956472,Wake Forest,USA,1987,1,12,61,5.7,2.2,5.4,-8.4,0.02,0.07400000000000001,0.129,0.4920000000000001,0.344,1997-98,2
2,10434,10434,Victor Oladipo,IND,27.0,193.04,95.25431999999999,Indiana,USA,2013,1,2,36,18.8,5.6,5.2,5.6,0.018000000000000002,0.154,0.278,0.519,0.25,2018-19,3
3,6983,6983,Lance Stephenson,IND,21.0,195.58,99.79024,Cincinnati,USA,2010,2,40,42,2.5,1.3,1.1,-4.2,0.03,0.115,0.171,0.4,0.174,2011-12,4
4,5632,5632,Robert Swift,OKC,23.0,215.9,122.46984,None,USA,2004,1,12,26,3.3,3.4,0.3,-7.8,0.069,0.221,0.112,0.551,0.037000000000000005,2008-09,5
5,398,398,Moochie Norris,VAN,23.0,187.96,85.275296,West Florida,USA,1996,2,33,8,1.5,1.5,2.9,-30.5,0.038,0.105,0.149,0.248,0.418,1996-97,6
6,5257,5257,Willie Green,PHI,26.0,190.5,91.171992,Detroit Mercy,USA,2003,2,41,74,12.4,2.5,2.0,-1.2,0.019,0.091,0.238,0.4920000000000001,0.124,2007-08,7
7,9502,9502,DeMar DeRozan,TOR,27.0,200.66,99.79024,Southern California,USA,2009,1,9,74,27.3,5.2,3.9,3.3,0.03,0.134,0.342,0.552,0.204,2016-17,8
8,4084,4084,Pat Burke,PHX,32.0,210.82,113.398,Auburn,Ireland,Undrafted,Undrafted,Undrafted,42,3.4,1.7,0.4,-4.9,0.067,0.147,0.213,0.517,0.071,2005-06,9
9,8185,8185,Aron Baynes,SAS,28.0,208.28,117.93392,Washington State,Australia,Undrafted,Undrafted,Undrafted,70,6.6,4.5,0.5,6.8,0.114,0.206,0.17600000000000002,0.618,0.049,2014-15,10
10,1041,1041,Tariq Abdul-Wahad,SAC,24.0,198.12,101.151016,San Jose State,France,1997,1,11,49,9.3,3.8,1.0,-2.7,0.062,0.098,0.188,0.486,0.062,1998-99,11
11,8951,8951,Austin Rivers,LAC,23.0,193.04,90.7184,Duke,USA,2012,1,10,67,8.9,1.9,1.5,-2.1,0.016,0.08,0.195,0.523,0.116,2015-16,12
12,7535,7535,Derrick Williams,MIN,22.0,203.2,109.31567199999999,Arizona,USA,2011,1,2,78,12.0,5.5,0.6,-5.3,0.056,0.205,0.237,0.515,0.044,2012-13,13
13,4119,4119,Zarko Cabarkapa,GSW,25.0,210.82,104.32616,None,Serbia and Montenegro,2003,1,17,61,3.3,1.8,0.3,-11.5,0.081,0.187,0.222,0.472,0.069,2005-06,14
14,9351,9351,Randy Foye,BKN,33.0,193.04,98.883056,Villanova,USA,2006,1,7,69,5.2,2.2,2.0,-7.0,0.006999999999999999,0.124,0.145,0.506,0.153,2016-17,15
15,5266,5266,Tyrus Thomas,CHI,21.0,203.2,97.52228,Louisiana State,USA,2006,1,4,74,6.8,4.6,1.2,-1.3,0.086,0.212,0.198,0.486,0.11,2007-08,16
16,251,251,Randy Brown,CHI,29.0,187.96,86.18248,New Mexico State,USA,1991,2,31,72,4.7,1.5,1.8,10.4,0.037000000000000005,0.079,0.17800000000000002,0.461,0.17800000000000002,1996-97,17
17,9542,9542,Isaiah Thomas,BOS,28.0,175.26,83.91452,Washington,USA,2011,2,60,76,28.9,2.7,5.9,5.0,0.019,0.07,0.337,0.625,0.305,2016-17,18
18,8364,8364,Hedo Turkoglu,LAC,36.0,208.28,99.79024,None,Turkey,2000,1,16,62,3.7,1.6,0.6,0.1,0.008,0.152,0.146,0.602,0.08,2014-15,19
19,7983,7983,Kyle Korver,ATL,33.0,200.66,96.161504,Creighton,USA,2003,2,51,71,12.0,4.0,2.9,2.9,0.011,0.124,0.141,0.653,0.127,2013-14,20
20,9630,9630,Brandon Jennings,MIL,28.0,185.42,77.11064,None,USA,2009,1,10,14,5.2,2.2,3.1,-13.1,0.022,0.131,0.191,0.478,0.331,2017-18,21
21,9738,9738,Dirk Nowitzki,DAL,40.0,213.36,111.13004,None,Germany,1998,1,9,77,12.0,5.7,1.6,-2.0,0.012,0.227,0.199,0.575,0.098,2017-18,22
22,6343,6343,Francisco Garcia,SAC,29.0,200.66,88.45044,Louisville,Dominican Republic,2005,1,23,58,9.7,2.3,1.2,-5.6,0.019,0.093,0.172,0.551,0.079,2010-11,23
23,1747,1747,Michael Hawkins,CHH,27.0,182.88,80.73937600000002,Xavier,USA,Undrafted,Undrafted,Undrafted,12,0.7,0.6,1.1,9.6,0.0,0.159,0.16899999999999998,0.28800000000000003,0.394,1999-00,24
24,6825,6825,Raymond Felton,POR,28.0,185.42,92.98636,North Carolina,USA,2005,1,5,60,11.4,2.5,6.5,4.1,0.016,0.076,0.21,0.491,0.32,2011-12,25
25,4894,4894,Drew Gooden,CHI,26.0,208.28,113.398,Kansas,USA,2002,1,4,69,12.0,8.6,1.2,-2.2,0.092,0.23,0.203,0.495,0.062,2007-08,26
26,7265,7265,Randy Foye,UTA,29.0,193.04,96.615096,Villanova,USA,2006,1,7,82,10.8,1.5,2.0,-2.8,0.009000000000000001,0.058,0.185,0.55,0.116,2012-13,27
27,4269,4269,Alvin Williams,TOR,31.0,195.58,88.45044,Villanova,USA,1997,2,47,1,1.0,3.0,0.0,-24.3,0.0,0.333,0.16899999999999998,0.129,0.0,2005-06,28
28,7924,7924,Doron Lamb,ORL,22.0,193.04,90.7184,Kentucky,USA,2012,2,42,53,3.6,0.9,0.8,-0.6,0.013,0.069,0.134,0.5429999999999999,0.093,2013-14,29
29,3316,3316,David West,NOH,23.0,205.74,108.86208,Xavier,USA,2003,1,18,71,3.8,4.2,0.8,-5.1,0.135,0.242,0.151,0.519,0.12,2003-04,30
30,2211,2211,Michael Dickerson,MEM,27.0,195.58,86.18248,Arizona,USA,1998,1,14,4,10.8,3.0,2.3,-4.8,0.023,0.092,0.193,0.425,0.113,2001-02,31
31,9705,9705,Devin Booker,PHX,21.0,198.12,95.25431999999999,Kentucky,USA,2015,1,13,54,24.9,4.5,4.7,-9.3,0.013,0.112,0.301,0.561,0.233,2017-18,32
32,8362,8362,Harrison Barnes,GSW,23.0,203.2,102.0582,North Carolina,USA,2012,1,7,82,10.1,5.5,1.4,12.6,0.056,0.151,0.149,0.573,0.068,2014-15,33
33,6057,6057,Rodney Carney,PHI,26.0,200.66,92.98636,Memphis,USA,2006,1,16,68,4.7,2.0,0.5,-4.5,0.033,0.14800000000000002,0.17800000000000002,0.515,0.07,2009-10,34
34,4190,4190,Ryan Bowen,HOU,30.0,205.74,99.79024,Iowa,USA,1998,2,55,68,1.3,1.3,0.4,-5.0,0.054000000000000006,0.101,0.106,0.338,0.062,2005-06,35
35,6138,6138,Luol Deng,CHI,25.0,205.74,99.79024,Duke,United Kingdom,2004,1,7,70,17.6,7.3,2.0,0.9,0.056,0.156,0.217,0.531,0.08800000000000001,2009-10,36
36,303,303,Stacey King,DAL,30.0,210.82,113.398,Oklahoma,USA,1989,1,6,11,2.2,2.5,0.1,-18.7,0.112,0.232,0.135,0.478,0.018000000000000002,1996-97,37
37,4439,4439,Erick Dampier,DAL,31.0,210.82,120.20188,Mississippi State,USA,1996,1,10,76,7.1,7.4,0.6,11.5,0.14400000000000002,0.212,0.129,0.642,0.034,2006-07,38
38,8894,8894,D.J. Augustin,DEN,28.0,182.88,83.007336,Texas,USA,2008,1,9,62,7.5,1.5,3.2,-1.4,0.008,0.081,0.183,0.575,0.257,2015-16,39
39,9148,9148,Tyler Zeller,BOS,27.0,213.36,114.758776,North Carolina,USA,2012,1,17,51,3.5,2.4,0.8,0.2,0.08800000000000001,0.16699999999999998,0.16399999999999998,0.508,0.125,2016-17,40
40,5662,5662,Patrick O'Bryant,TOR,23.0,213.36,113.398,Bradley,USA,2006,1,9,39,2.6,1.7,0.3,-0.8,0.057,0.217,0.196,0.544,0.07200000000000001,2008-09,41
41,3508,3508,Aaron McKie,PHI,32.0,195.58,94.800728,Temple,USA,1994,1,17,68,2.2,2.5,1.5,0.2,0.019,0.155,0.07,0.51,0.135,2004-05,42
42,218,218,Charlie Ward,NYK,26.0,187.96,86.18248,Florida State,USA,1994,1,26,79,5.2,2.8,4.1,4.0,0.031,0.116,0.14,0.522,0.282,1996-97,43
43,10493,10493,Kentavious Caldwell-Pope,LAL,26.0,195.58,92.98636,Georgia,USA,2013,1,8,82,11.4,2.9,1.3,-3.7,0.022,0.08800000000000001,0.175,0.568,0.077,2018-19,44
44,9992,9992,Jake Layman,POR,24.0,205.74,95.25431999999999,Maryland,USA,2016,2,47,35,1.0,0.5,0.3,-11.5,0.024,0.078,0.139,0.35200000000000004,0.099,2017-18,45
45,5730,5730,Shavlik Randolph,POR,25.0,208.28,108.86208,Duke,USA,Undrafted,Undrafted,Undrafted,10,1.8,1.8,0.0,-43.7,0.28600000000000003,0.364,0.241,0.61,0.0,2008-09,46
46,1213,1213,Glen Rice,LAL,32.0,203.2,99.79024,Michigan,USA,1989,1,4,27,17.5,3.7,2.6,4.2,0.011,0.108,0.224,0.542,0.118,1998-99,47
47,5144,5144,Morris Almond,UTA,23.0,198.12,102.0582,Rice,USA,2007,1,25,9,1.4,0.2,0.3,-18.3,0.0,0.069,0.22,0.368,0.13,2007-08,48
48,6096,6096,Stephen Jackson,CHA,32.0,203.2,97.52228,Butler Community College,USA,1997,2,42,81,20.6,5.0,3.7,1.4,0.031,0.121,0.275,0.518,0.17,2009-10,49
49,5680,5680,Trey Johnson,CLE,24.0,195.58,98.883056,Jackson State,USA,Undrafted,Undrafted,Undrafted,4,1.0,0.3,0.0,-33.6,0.0,0.111,0.253,0.29600000000000004,0.0,2008-09,50
50,3542,3542,Pape Sow,TOR,23.0,208.28,113.398,Cal State-Fullerton,Senegal,2004,2,47,27,2.3,2.1,0.1,0.3,0.084,0.193,0.146,0.444,0.012,2004-05,51
51,7356,7356,Jannero Pargo,CHA,33.0,185.42,83.91452,Arkansas,USA,Undrafted,Undrafted,Undrafted,32,6.5,1.1,2.1,-8.6,0.025,0.066,0.24,0.475,0.233,2012-13,52
52,2388,2388,Randy Livingston,SEA,27.0,193.04,94.800728,Louisiana State,USA,1996,2,42,13,3.2,1.9,2.0,14.3,0.06,0.105,0.159,0.348,0.205,2001-02,53
53,321,321,Tim Hardaway,MIA,30.0,182.88,88.45044,Texas-El Paso,USA,1989,1,14,81,20.3,3.4,8.6,8.9,0.018000000000000002,0.083,0.264,0.532,0.404,1996-97,54
54,2628,2628,Erick Barkley,POR,24.0,185.42,80.28578399999998,St. John's (NY),USA,2000,1,28,19,3.1,0.9,1.8,1.2,0.026,0.067,0.175,0.401,0.238,2001-02,55
55,7210,7210,Marco Belinelli,CHI,27.0,195.58,88.45044,None,Italy,2007,1,18,73,9.6,1.9,2.0,-1.6,0.008,0.077,0.189,0.513,0.132,2012-13,56
56,8991,8991,Sasha Kaun,CLE,31.0,210.82,117.93392,Kansas,Russia,2008,2,56,25,0.9,1.0,0.1,-3.2,0.14300000000000002,0.154,0.134,0.527,0.052000000000000005,2015-16,57
57,5382,5382,JR Smith,DEN,23.0,198.12,99.79024,None,USA,2004,1,18,81,15.2,3.7,2.8,7.6,0.023,0.128,0.238,0.5760000000000001,0.172,2008-09,58
58,1623,1623,Tariq Abdul-Wahad,DEN,25.0,198.12,101.151016,San Jose State,France,1997,1,11,61,11.4,4.8,1.6,-1.6,0.067,0.126,0.218,0.477,0.098,1999-00,59
59,7286,7286,Tony Parker,SAS,31.0,187.96,83.91452,None,France,2001,1,28,66,20.3,3.0,7.6,10.7,0.01,0.091,0.28,0.588,0.396,2012-13,60
60,10707,10707,Jaylen Brown,BOS,23.0,198.12,101.151016,California,USA,2016,1,3,50,20.4,6.4,2.2,6.5,0.031,0.14800000000000002,0.245,0.589,0.1,2019-20,61
61,5848,5848,Jason Hart,NOH,32.0,190.5,81.64656,Syracuse,USA,2000,2,49,5,0.4,0.4,1.2,15.8,0.0,0.08,0.107,0.5,0.353,2009-10,62
62,5491,5491,Brandon Roy,POR,24.0,198.12,95.707912,Washington,USA,2006,1,6,78,22.6,4.7,5.1,8.9,0.044,0.115,0.274,0.573,0.243,2008-09,63
63,8642,8642,Montrezl Harrell,HOU,22.0,203.2,108.86208,Louisville,USA,2015,2,32,39,3.6,1.7,0.4,5.0,0.076,0.108,0.14400000000000002,0.635,0.067,2015-16,64
64,4375,4375,Doug Christie,DAL,36.0,198.12,92.98636,Pepperdine,USA,1992,1,17,7,3.7,1.9,2.0,-0.1,0.012,0.073,0.095,0.416,0.115,2005-06,65
65,149,149,Brooks Thompson,DEN,26.0,193.04,87.543256,Oklahoma State,USA,1994,1,27,67,6.6,1.4,2.7,-6.2,0.019,0.087,0.214,0.526,0.277,1996-97,66
66,6424,6424,Christian Eyenga,CLE,22.0,195.58,95.25431999999999,None,Congo,2009,1,30,44,6.9,2.8,0.8,-10.4,0.031,0.121,0.173,0.476,0.061,2010-11,67
67,1010,1010,Tyrone Nesby,LAC,23.0,198.12,102.0582,Nevada-Las Vegas,USA,Undrafted,Undrafted,Undrafted,50,10.1,3.5,1.6,-6.4,0.049,0.115,0.183,0.5429999999999999,0.109,1998-99,68
68,5559,5559,Jason Maxiell,DET,26.0,200.66,117.93392,Cincinnati,USA,2005,1,26,78,5.8,4.2,0.3,-4.4,0.14,0.136,0.145,0.58,0.028,2008-09,69
69,866,866,Harold Ellis,DEN,27.0,195.58,99.79024,Morehouse,USA,Undrafted,Undrafted,Undrafted,27,6.1,1.9,0.7,-9.4,0.08900000000000001,0.092,0.204,0.591,0.105,1997-98,70
70,3281,3281,Samaki Walker,MIA,28.0,205.74,117.93392,Louisville,USA,1996,1,9,33,3.2,3.4,0.2,-3.1,0.112,0.184,0.15,0.444,0.029,2003-04,71
71,3411,3411,James Jones,IND,23.0,203.2,97.52228,Miami (FL),USA,2003,2,49,6,1.2,0.3,0.0,-10.0,0.0,0.095,0.194,0.354,0.0,2003-04,72
72,1746,1746,Michael Finley,DAL,27.0,200.66,97.52228,Wisconsin,USA,1995,1,21,82,22.6,6.3,5.3,0.0,0.038,0.121,0.252,0.522,0.213,1999-00,73
73,3344,3344,Anthony Peeler,SAC,34.0,193.04,94.347136,Missouri,USA,1992,1,15,75,5.7,2.0,1.6,4.9,0.025,0.095,0.147,0.575,0.139,2003-04,74
74,8076,8076,Jordan Hamilton,HOU,23.0,200.66,99.79024,Texas,USA,2011,1,26,60,6.7,3.2,0.9,-4.0,0.033,0.16399999999999998,0.188,0.507,0.084,2013-14,75
75,7229,7229,Mike Conley,MEM,25.0,185.42,83.91452,Ohio State,USA,2007,1,4,80,14.6,2.8,6.1,9.0,0.018000000000000002,0.079,0.209,0.5489999999999999,0.287,2012-13,76
76,9483,9483,Doug McDermott,OKC,25.0,203.2,99.336648,Creighton,USA,2014,1,11,66,9.0,2.7,0.9,-3.1,0.015,0.117,0.165,0.5539999999999999,0.06,2016-17,77
77,3921,3921,Eddie Gill,IND,26.0,182.88,86.18248,Weber State,USA,Undrafted,Undrafted,Undrafted,73,3.7,1.5,1.1,-4.3,0.02,0.117,0.16399999999999998,0.484,0.161,2004-05,78
78,2522,2522,Avery Johnson,DAL,37.0,180.34,81.64656,Southern,USA,Undrafted,Undrafted,Undrafted,68,7.9,1.0,4.2,-7.1,0.012,0.047,0.197,0.531,0.35600000000000004,2001-02,79
79,554,554,Tony Delk,GSW,24.0,187.96,87.089664,Kentucky,USA,1996,1,16,77,10.1,2.2,2.2,-9.3,0.024,0.086,0.254,0.452,0.194,1997-98,80
80,4738,4738,Will Conroy,LAC,24.0,187.96,88.45044,Washington,USA,Undrafted,Undrafted,Undrafted,7,0.0,1.0,1.3,-10.8,0.065,0.085,0.061,0.0,0.3,2006-07,81
81,101,101,Greg Graham,SEA,26.0,193.04,82.553744,Indiana,USA,1993,1,17,28,3.3,0.5,0.4,3.6,0.013,0.063,0.245,0.476,0.1,1996-97,82
82,1655,1655,Lari Ketner,CLE,23.0,208.28,129.27372,Massachusetts,USA,1999,2,49,22,1.5,1.5,0.0,-27.2,0.08900000000000001,0.208,0.152,0.456,0.015,1999-00,83
83,6713,6713,Trey Thompkins,LAC,22.0,208.28,111.13004,Georgia,USA,2011,2,37,24,2.4,1.0,0.1,-28.3,0.038,0.206,0.261,0.445,0.05,2011-12,84
84,408,408,Otis Thorpe,DET,34.0,208.28,111.583632,Providence,USA,1984,1,9,79,13.1,7.9,1.7,6.2,0.108,0.182,0.2,0.563,0.08900000000000001,1996-97,85
85,6355,6355,Jeff Adrien,GSW,25.0,201.0,111.0,Connecticut,USA,Undrafted,Undrafted,Undrafted,23,2.5,2.5,0.4,-1.3,0.133,0.206,0.163,0.457,0.075,2010-11,86
86,8345,8345,Klay Thompson,GSW,25.0,200.66,97.52228,Washington State,USA,2011,1,11,77,21.7,3.2,2.9,15.8,0.012,0.092,0.275,0.591,0.13699999999999998,2014-15,87
87,4169,4169,Richie Frahm,HOU,28.0,195.58,95.25431999999999,Gonzaga,USA,Undrafted,Undrafted,Undrafted,33,3.3,1.0,0.6,-3.8,0.01,0.106,0.15,0.517,0.097,2005-06,88
88,8024,8024,Mustafa Shakur,OKC,29.0,190.5,86.18248,Arizona,USA,Undrafted,Undrafted,Undrafted,3,0.3,0.0,1.3,-29.6,0.0,0.0,0.228,0.129,0.667,2013-14,89
89,624,624,Rex Walters,MIA,28.0,193.04,86.18248,Kansas,USA,1993,1,16,38,2.1,0.6,0.9,-9.9,0.025,0.085,0.17,0.612,0.25,1997-98,90
90,10220,10220,James Johnson,MIA,32.0,203.2,108.86208,Wake Forest,USA,2009,1,16,55,7.8,3.2,2.5,-4.6,0.018000000000000002,0.123,0.177,0.522,0.16699999999999998,2018-19,91
91,7566,7566,Ben Gordon,CHA,30.0,190.5,90.7184,Connecticut,USA,2004,1,3,75,11.2,1.7,1.9,-15.4,0.013,0.087,0.276,0.515,0.18,2012-13,92
92,3355,3355,Amar'e Stoudemire,PHX,21.0,208.28,111.13004,None,USA,2002,1,9,55,20.6,9.0,1.4,-2.8,0.08800000000000001,0.188,0.274,0.536,0.07,2003-04,93
93,3387,3387,Bobby Jackson,SAC,31.0,185.42,83.91452,Minnesota,USA,1997,1,23,50,13.8,3.5,2.1,4.7,0.052000000000000005,0.111,0.265,0.5379999999999999,0.171,2003-04,94
94,9566,9566,Emeka Okafor,NOP,35.0,208.28,115.66596,Connecticut,USA,2004,1,2,26,4.4,4.6,0.3,0.3,0.12,0.175,0.133,0.545,0.028,2017-18,95
95,5595,5595,Josh Powell,LAL,26.0,205.74,108.86208,North Carolina State,USA,Undrafted,Undrafted,Undrafted,60,4.2,2.9,0.5,-9.2,0.115,0.16899999999999998,0.194,0.479,0.06,2008-09,96
96,10355,10355,Daryl Macon,DAL,23.0,190.5,83.91452,Arkansas,USA,Undrafted,Undrafted,Undrafted,8,3.6,1.5,0.9,-2.1,0.019,0.099,0.16699999999999998,0.482,0.123,2018-19,97
97,6315,6315,Greivis Vasquez,MEM,24.0,198.12,95.707912,Maryland,Venezuela,2010,1,28,70,3.6,1.0,2.2,-6.1,0.017,0.094,0.17,0.493,0.266,2010-11,98
98,7070,7070,Channing Frye,PHX,29.0,210.82,111.13004,Arizona,USA,2005,1,8,64,10.5,5.9,1.4,4.3,0.051,0.2,0.195,0.519,0.077,2011-12,99
99,5769,5769,Marcus Camby,LAC,35.0,210.82,106.59412,Massachusetts,USA,1996,1,2,62,10.3,11.1,2.0,-5.3,0.094,0.32,0.158,0.556,0.107,2008-09,100
100,10948,10948,Rodions Kurucs,BKN,22.0,205.74,103.418976,None,Latvia,2018,2,40,39,4.2,2.5,0.8,-2.3,0.032,0.132,0.145,0.5539999999999999,0.095,2019-20,101
101,10023,10023,Malcolm Delaney,ATL,29.0,190.5,86.18248,Virginia Tech,USA,Undrafted,Undrafted,Undrafted,54,6.3,1.9,3.0,-4.5,0.009000000000000001,0.09,0.166,0.519,0.244,2017-18,102
102,2927,2927,Zydrunas Ilgauskas,CLE,28.0,220.98,117.93392,None,Lithuania,1996,1,20,81,17.2,7.5,1.6,-7.9,0.108,0.172,0.279,0.516,0.101,2002-03,103
103,8710,8710,Pablo Prigioni,LAC,39.0,190.5,83.91452,None,Argentina,Undrafted,Undrafted,Undrafted,59,2.5,1.9,2.2,-2.7,0.05,0.103,0.112,0.482,0.235,2015-16,104
104,7018,7018,Keith Bogans,NJN,32.0,195.58,97.52228,Kentucky,USA,2003,2,43,5,4.2,2.2,0.6,-19.7,0.059,0.081,0.135,0.453,0.058,2011-12,105
105,5354,5354,Eddie Gill,MIL,30.0,182.88,86.18248,Weber State,USA,Undrafted,Undrafted,Undrafted,6,2.3,0.7,1.8,-21.1,0.0,0.154,0.131,0.778,0.44,2008-09,106
106,1971,1971,Chris Mills,GSW,31.0,200.66,97.975872,Arizona,USA,1993,1,22,15,12.0,6.2,1.2,-4.3,0.049,0.147,0.195,0.435,0.061,2000-01,107
107,10940,10940,Rayjon Tucker,UTA,22.0,190.5,94.800728,None,USA,Undrafted,Undrafted,Undrafted,14,1.4,0.9,0.1,-3.5,0.023,0.157,0.124,0.448,0.032,2019-20,108
108,4843,4843,Nazr Mohammed,DET,29.0,208.28,113.398,Kentucky,USA,1998,1,29,51,5.6,4.5,0.2,0.1,0.134,0.207,0.184,0.5539999999999999,0.02,2006-07,109
109,4291,4291,Bo Outlaw,ORL,35.0,203.2,99.79024,Houston,USA,Undrafted,Undrafted,Undrafted,32,2.3,2.4,0.4,-0.8,0.11,0.14800000000000002,0.106,0.61,0.065,2005-06,110
110,7362,7362,Jarvis Varnado,MIA,25.0,205.74,104.32616,Mississippi State,USA,2010,2,41,13,0.6,0.7,0.2,-16.3,0.043,0.14300000000000002,0.133,0.457,0.107,2012-13,111
111,7658,7658,Serge Ibaka,OKC,24.0,208.28,111.13004,None,Democratic Republic of the Congo,2008,1,24,81,15.1,8.8,1.0,7.4,0.1,0.191,0.196,0.5760000000000001,0.051,2013-14,112
112,9919,9919,Thon Maker,MIL,21.0,215.9,101.151016,None,South Sudan,2016,1,10,74,4.8,3.0,0.6,-5.0,0.064,0.13,0.147,0.499,0.055,2017-18,113
113,2514,2514,Brad Miller,IND,26.0,213.36,118.38751200000002,Purdue,USA,Undrafted,Undrafted,Undrafted,76,13.6,8.2,2.0,-5.3,0.128,0.193,0.204,0.5720000000000001,0.124,2001-02,114
114,6182,6182,Nazr Mohammed,CHA,32.0,208.28,113.398,Kentucky,USA,1998,1,29,58,7.9,5.2,0.5,-0.8,0.138,0.238,0.21,0.578,0.049,2009-10,115
115,839,839,Ed Stokes,TOR,26.0,213.36,119.748288,Arizona,USA,1993,2,35,4,0.8,1.0,0.3,-47.4,0.059,0.214,0.134,0.387,0.125,1997-98,116
116,8209,8209,Alexey Shved,NYK,26.0,198.12,84.821704,None,Russia,Undrafted,Undrafted,Undrafted,42,10.3,2.4,2.5,-8.5,0.031,0.111,0.258,0.541,0.26,2014-15,117
117,10072,10072,Julyan Stone,CHA,29.0,198.12,90.7184,Texas-El Paso,USA,Undrafted,Undrafted,Undrafted,23,0.8,1.3,1.1,9.3,0.005,0.153,0.051,0.684,0.187,2017-18,118
118,5328,5328,Roger Mason Jr.,WAS,27.0,195.58,96.161504,Virginia,USA,2002,2,30,80,9.1,1.6,1.7,-1.7,0.012,0.081,0.19,0.573,0.133,2007-08,119
119,967,967,Charles Shackleford,CHH,33.0,210.82,111.13004,North Carolina State,USA,1988,2,32,32,3.3,4.0,0.4,-5.4,0.142,0.264,0.16899999999999998,0.521,0.07,1998-99,120
120,8726,8726,Jarell Martin,MEM,22.0,208.28,108.408488,Louisiana State,USA,2015,1,25,27,5.7,3.2,0.6,-5.8,0.1,0.15,0.182,0.534,0.065,2015-16,121
121,5740,5740,Steve Nash,PHX,35.0,190.5,80.73937600000002,Santa Clara,Canada,1996,1,15,74,15.7,3.0,9.7,5.2,0.01,0.08900000000000001,0.211,0.615,0.403,2008-09,122
122,427,427,Mark Bryant,PHX,32.0,205.74,111.13004,Seton Hall,USA,1988,1,21,41,9.3,5.2,1.1,3.3,0.084,0.18600000000000005,0.16699999999999998,0.589,0.07200000000000001,1996-97,123
123,3933,3933,Dikembe Mutombo,HOU,39.0,218.44,120.20188,Georgetown,Congo,1991,1,4,80,4.0,5.3,0.1,10.0,0.147,0.251,0.13,0.575,0.014,2004-05,124
124,2252,2252,Mark Jackson,NYK,37.0,190.5,88.45044,St. John's (NY),USA,1987,1,18,82,8.4,3.8,7.4,-6.7,0.027000000000000003,0.126,0.154,0.536,0.405,2001-02,125
125,5504,5504,Aaron Brooks,HOU,24.0,182.88,73.028312,Oregon,USA,2007,1,26,80,11.2,2.0,3.0,4.2,0.021,0.071,0.231,0.521,0.201,2008-09,126
126,4766,4766,Tayshaun Prince,DET,27.0,205.74,97.52228,Kentucky,USA,2002,1,23,82,14.3,5.2,2.8,6.1,0.057,0.114,0.19,0.534,0.127,2006-07,127
127,1479,1479,Anthony Parker,ORL,25.0,198.12,97.52228,Bradley,USA,1997,1,21,16,3.6,1.7,0.6,-7.3,0.03,0.119,0.162,0.461,0.083,1999-00,128
128,10890,10890,Rudy Gay,SAS,33.0,203.2,113.398,Connecticut,USA,2006,1,8,58,9.7,5.3,1.7,-1.2,0.043,0.194,0.203,0.544,0.121,2019-20,129
129,3404,3404,Jason Collier,ATL,26.0,213.36,117.93392,Georgia Tech,USA,2000,1,15,20,11.3,5.6,0.9,2.2,0.077,0.156,0.192,0.5579999999999999,0.051,2003-04,130
130,1718,1718,Peja Stojakovic,SAC,23.0,205.74,103.872568,None,Serbia and Montenegro,1996,1,14,74,11.9,3.7,1.4,3.3,0.046,0.124,0.213,0.56,0.099,1999-00,131
131,5424,5424,Kyle Lowry,HOU,23.0,182.88,92.98636,Villanova,USA,2006,1,24,77,7.6,2.5,3.6,-4.5,0.018000000000000002,0.12,0.18,0.547,0.268,2008-09,132
132,9596,9596,Gerald Green,HOU,32.0,200.66,92.98636,None,USA,2005,1,18,41,12.1,3.2,0.6,4.6,0.016,0.124,0.219,0.5660000000000001,0.045,2017-18,133
133,1408,1408,Gheorghe Muresan,NJN,29.0,231.14,137.438376,None,USA,1993,2,30,30,3.5,2.3,0.3,4.8,0.103,0.163,0.202,0.4920000000000001,0.056,1999-00,134
134,33,33,Derrick Alston,ATL,24.0,210.82,102.0582,Duquesne,USA,1994,2,33,2,0.0,2.0,0.0,-39.9,0.188,0.2,0.213,0.0,0.0,1996-97,135
135,2754,2754,Jamaal Tinsley,IND,25.0,190.5,88.45044,Iowa State,USA,2001,1,27,73,7.8,3.6,7.5,3.1,0.03,0.099,0.158,0.468,0.378,2002-03,136
136,8671,8671,Reggie Bullock,DET,25.0,200.66,92.98636,North Carolina,USA,2013,1,25,37,3.3,1.8,0.7,-7.5,0.034,0.151,0.117,0.583,0.1,2015-16,137
137,9141,9141,Al Jefferson,IND,32.0,208.28,131.088088,None,USA,2004,1,15,66,8.1,4.2,0.9,-5.8,0.086,0.251,0.26,0.526,0.114,2016-17,138
138,8802,8802,Kosta Koufos,SAC,27.0,213.36,120.20188,Ohio State,USA,2008,1,23,78,6.8,5.4,0.4,-7.1,0.122,0.19,0.155,0.54,0.034,2015-16,139
139,5606,5606,Rasheed Wallace,DET,34.0,210.82,104.32616,North Carolina,USA,1995,1,4,66,12.0,7.4,1.4,1.3,0.031,0.239,0.18600000000000005,0.52,0.07,2008-09,140
140,795,795,Brad Lohaus,SAS,33.0,210.82,104.32616,Iowa,USA,1987,2,45,9,2.1,1.3,0.6,-17.0,0.031,0.108,0.122,0.426,0.08800000000000001,1997-98,141
141,5452,5452,Darius Songaila,WAS,31.0,205.74,112.490816,Wake Forest,Lithuania,2002,2,49,77,7.4,2.9,1.2,-5.4,0.058,0.121,0.172,0.57,0.101,2008-09,142
142,10829,10829,De'Andre Hunter,ATL,22.0,200.66,102.0582,Virginia,USA,2019,1,4,61,12.3,4.4,1.8,-5.7,0.02,0.113,0.174,0.516,0.079,2019-20,143
143,2498,2498,Alvin Williams,TOR,27.0,195.58,83.91452,Villanova,USA,1997,2,47,82,11.8,3.4,5.7,-0.9,0.022,0.08900000000000001,0.183,0.47,0.262,2001-02,144
144,3601,3601,Malik Allen,CHA,27.0,208.28,115.66596,Villanova,USA,Undrafted,Undrafted,Undrafted,36,5.4,2.8,0.5,-4.9,0.08800000000000001,0.13699999999999998,0.18600000000000005,0.512,0.062,2004-05,145
145,4007,4007,Nene,DEN,23.0,210.82,121.562656,None,Brazil,2002,1,7,1,0.0,0.0,0.0,-96.1,0.0,0.0,0.5,0.0,0.0,2005-06,146
146,3131,3131,Leandro Barbosa,PHX,21.0,190.5,79.83219199999998,None,Brazil,2003,1,28,70,7.9,1.8,2.4,-4.0,0.018000000000000002,0.075,0.183,0.5529999999999999,0.175,2003-04,147
147,5239,5239,Spencer Hawes,SAC,20.0,213.36,111.13004,Washington,USA,2007,1,10,71,4.7,3.2,0.6,-4.4,0.087,0.205,0.191,0.486,0.076,2007-08,148
148,10239,10239,Brandon Sampson,CHI,22.0,195.58,83.46092800000002,None,USA,Undrafted,Undrafted,Undrafted,14,5.1,1.1,0.7,-6.0,0.014,0.063,0.154,0.5670000000000001,0.063,2018-19,149
149,6245,6245,Josh Smith,ATL,25.0,205.74,108.86208,None,USA,2004,1,17,77,16.5,8.5,3.3,1.8,0.061,0.233,0.249,0.54,0.168,2010-11,150
150,9316,9316,Shabazz Napier,POR,25.0,185.42,79.3786,Connecticut,USA,2014,1,24,53,4.1,1.2,1.3,2.7,0.019,0.122,0.224,0.5329999999999999,0.2,2016-17,151
151,5802,5802,Andre Iguodala,PHI,26.0,198.12,93.893544,Arizona,USA,2004,1,9,82,17.1,6.5,5.8,-4.3,0.03,0.168,0.218,0.535,0.238,2009-10,152
152,6326,6326,Ish Smith,MEM,22.0,182.88,79.3786,Wake Forest,USA,Undrafted,Undrafted,Undrafted,43,2.3,1.1,1.8,-4.4,0.018000000000000002,0.101,0.159,0.406,0.268,2010-11,153
153,3353,3353,Andre Miller,DEN,28.0,187.96,90.7184,Utah,USA,1999,1,8,82,14.8,4.5,6.1,2.5,0.051,0.097,0.206,0.541,0.28300000000000003,2003-04,154
154,1766,1766,Elden Campbell,CHH,32.0,213.36,124.7378,Clemson,USA,1990,1,27,78,13.1,7.8,1.3,4.3,0.076,0.218,0.23,0.505,0.08,2000-01,155
155,4338,4338,Greg Ostertag,UTA,33.0,218.44,127.00576,Kansas,USA,1995,1,28,60,2.4,3.8,1.0,-9.4,0.125,0.211,0.112,0.503,0.122,2005-06,156
156,3813,3813,Amar'e Stoudemire,PHX,22.0,208.28,111.13004,None,USA,2002,1,9,80,26.0,8.9,1.6,10.8,0.08800000000000001,0.177,0.28600000000000003,0.617,0.075,2004-05,157
157,6300,6300,Luol Deng,CHI,26.0,205.74,99.79024,Duke,United Kingdom,2004,1,7,82,17.4,5.8,2.8,8.3,0.043,0.126,0.208,0.5489999999999999,0.119,2010-11,158
158,1671,1671,Marcus Camby,NYK,26.0,210.82,102.0582,Massachusetts,USA,1996,1,2,59,10.2,7.8,0.8,4.8,0.136,0.209,0.193,0.529,0.053,1999-00,159
159,10113,10113,Haywood Highsmith,PHI,22.0,200.66,99.79024,None,USA,Undrafted,Undrafted,Undrafted,5,1.8,1.0,0.4,-27.6,0.0,0.14300000000000002,0.115,0.414,0.067,2018-19,160
160,4414,4414,Eric Williams,TOR,33.0,203.2,99.79024,Providence,USA,1995,1,14,28,3.3,1.8,0.5,-6.5,0.034,0.141,0.14400000000000002,0.496,0.065,2005-06,161
161,4341,4341,Gordan Giricek,UTA,29.0,195.58,95.25431999999999,None,Croatia,1999,2,40,37,10.6,1.9,1.7,-6.3,0.02,0.073,0.23,0.482,0.128,2005-06,162
162,9034,9034,E'Twaun Moore,CHI,27.0,193.04,86.636072,Purdue,USA,2011,2,55,59,7.5,2.3,1.7,-1.0,0.017,0.092,0.16,0.5479999999999999,0.118,2015-16,163
163,10409,10409,Ray Spalding,PHX,22.0,208.28,97.52228,Louisville,USA,2018,2,56,14,3.9,3.4,0.4,-6.8,0.091,0.19,0.16399999999999998,0.516,0.052000000000000005,2018-19,164
164,2270,2270,Jonathan Bender,IND,21.0,213.36,99.336648,None,USA,1999,1,5,78,7.4,3.1,0.8,-1.6,0.045,0.119,0.17600000000000002,0.5379999999999999,0.064,2001-02,165
165,3620,3620,Larry Hughes,WAS,26.0,195.58,83.46092800000002,Saint Louis,USA,1998,1,8,61,22.0,6.3,4.7,2.8,0.034,0.151,0.264,0.523,0.214,2004-05,166
166,2564,2564,Jermaine O'Neal,IND,23.0,210.82,109.76926399999999,None,USA,1996,1,17,72,19.0,10.5,1.6,1.7,0.08199999999999999,0.225,0.251,0.521,0.079,2001-02,167
167,6754,6754,Cole Aldrich,OKC,23.0,210.82,108.86208,Kansas,USA,2010,1,11,26,2.2,1.8,0.1,-6.5,0.08900000000000001,0.219,0.157,0.5920000000000001,0.034,2011-12,168
168,1201,1201,Felipe Lopez,VAN,24.0,198.12,88.45044,St. John's (NY),Dominican Republic,1998,1,24,47,9.3,3.5,1.3,-9.1,0.065,0.097,0.196,0.498,0.093,1998-99,169
169,8692,8692,Nerlens Noel,PHI,22.0,210.82,103.418976,Kentucky,USA,2013,1,6,67,11.1,8.1,1.8,-11.0,0.085,0.22,0.189,0.544,0.107,2015-16,170
170,9405,9405,Terry Rozier,BOS,23.0,187.96,86.18248,Louisville,USA,2015,1,16,74,5.5,3.1,1.8,-0.2,0.034,0.162,0.172,0.466,0.16399999999999998,2016-17,171
171,562,562,Tim Thomas,PHI,21.0,208.28,104.32616,Villanova,USA,1997,1,7,77,11.0,3.7,1.2,-4.9,0.069,0.118,0.227,0.5379999999999999,0.092,1997-98,172
172,2615,2615,George McCloud,DEN,35.0,203.2,102.0582,Florida State,USA,1989,1,7,69,8.8,3.6,3.0,-10.4,0.04,0.123,0.192,0.466,0.187,2001-02,173
173,3379,3379,Brendan Haywood,WAS,24.0,213.36,121.562656,North Carolina,USA,2001,1,20,77,7.0,5.0,0.6,-2.7,0.133,0.159,0.17,0.547,0.051,2003-04,174
174,8745,8745,James Jones,CLE,35.0,203.2,98.883056,Miami (FL),USA,2003,2,49,48,3.7,1.0,0.3,-4.8,0.018000000000000002,0.099,0.163,0.58,0.054000000000000006,2015-16,175
175,8772,8772,Jamal Crawford,LAC,36.0,195.58,88.45044,Michigan,USA,2000,1,8,79,14.2,1.8,2.3,2.3,0.01,0.066,0.246,0.529,0.145,2015-16,176
176,7393,7393,Joel Freeland,POR,26.0,208.28,102.0582,None,Great Britain,2006,1,30,51,2.6,2.3,0.3,-12.3,0.08800000000000001,0.19,0.165,0.435,0.05,2012-13,177
177,1121,1121,Mark Baker,TOR,29.0,185.42,79.3786,Ohio State,USA,Undrafted,Undrafted,Undrafted,1,0.0,0.0,0.0,-64.2,0.0,0.0,0.4,0.0,0.0,1998-99,178
178,4028,4028,Malik Rose,NYK,31.0,200.66,115.66596,Drexel,USA,1996,2,44,72,4.4,3.6,0.9,-12.9,0.08800000000000001,0.204,0.17,0.466,0.099,2005-06,179
179,318,318,Terry Dehere,LAC,25.0,193.04,86.18248,Seton Hall,USA,1993,1,13,73,6.4,1.3,2.2,-0.5,0.016,0.08800000000000001,0.233,0.524,0.261,1996-97,180
180,10556,10556,Lorenzo Brown,TOR,28.0,195.58,85.728888,North Carolina State,USA,2013,2,52,26,2.1,1.2,1.1,-7.0,0.021,0.11,0.16699999999999998,0.38,0.199,2018-19,181
181,1494,1494,Corey Maggette,ORL,20.0,198.12,98.883056,Duke,USA,1999,1,13,77,8.4,3.9,0.8,-1.6,0.101,0.14400000000000002,0.224,0.5529999999999999,0.071,1999-00,182
182,10333,10333,Cory Joseph,IND,27.0,190.5,87.543256,Texas,Canada,2011,1,29,82,6.5,3.4,3.9,5.2,0.019,0.111,0.134,0.474,0.208,2018-19,183
183,7238,7238,Rodney Stuckey,DET,27.0,195.58,92.98636,Eastern Washington,USA,2007,1,15,76,11.5,2.8,3.6,-7.4,0.022,0.094,0.21,0.505,0.208,2012-13,184
184,107,107,Grant Hill,DET,24.0,203.2,102.0582,Duke,USA,1994,1,3,80,21.4,9.0,7.3,6.9,0.049,0.232,0.28300000000000003,0.556,0.35600000000000004,1996-97,185
185,5133,5133,Michael Finley,SAS,35.0,200.66,102.0582,Wisconsin,USA,1995,1,21,82,10.1,3.1,1.4,5.7,0.015,0.12,0.188,0.519,0.084,2007-08,186
186,7037,7037,JaVale McGee,DEN,24.0,213.36,114.305184,Nevada,USA,2008,1,18,61,11.3,7.8,0.5,-9.5,0.118,0.225,0.206,0.552,0.035,2011-12,187
187,5900,5900,David West,NOH,29.0,205.74,108.86208,Xavier,USA,2003,1,18,81,19.0,7.5,3.0,-2.4,0.065,0.177,0.241,0.56,0.135,2009-10,188
188,5650,5650,Michael Redd,MIL,29.0,198.12,97.52228,Ohio State,USA,2000,2,43,33,21.2,3.2,2.7,3.9,0.024,0.087,0.255,0.5660000000000001,0.121,2008-09,189
189,8124,8124,Danny Green,SAS,28.0,198.12,97.52228,North Carolina,USA,2009,2,46,81,11.7,4.2,2.0,9.9,0.027000000000000003,0.138,0.175,0.596,0.101,2014-15,190
190,8540,8540,Luke Babbitt,NOP,26.0,205.74,102.0582,Nevada,USA,2010,1,16,63,4.1,1.8,0.4,-5.1,0.017,0.131,0.125,0.639,0.044,2014-15,191
191,9060,9060,Xavier Munford,MEM,24.0,190.5,81.64656,Rhode Island,USA,Undrafted,Undrafted,Undrafted,14,5.7,2.2,1.6,-9.5,0.013,0.14400000000000002,0.172,0.481,0.136,2015-16,192
192,3869,3869,James Jones,IND,24.0,203.2,97.52228,Miami (FL),USA,2003,2,49,75,4.9,2.3,0.8,2.5,0.036000000000000004,0.121,0.14300000000000002,0.537,0.077,2004-05,193
193,5654,5654,Mehmet Okur,UTA,30.0,210.82,119.294696,None,Turkey,2001,2,37,72,17.0,7.7,1.7,3.2,0.062,0.213,0.218,0.5920000000000001,0.078,2008-09,194
194,5775,5775,Luol Deng,CHI,24.0,205.74,99.79024,Duke,United Kingdom,2004,1,7,49,14.1,6.0,1.9,-0.8,0.054000000000000006,0.145,0.199,0.511,0.09,2008-09,195
195,2625,2625,Ervin Johnson,MIL,34.0,210.82,115.66596,New Orleans,USA,1993,1,23,81,2.6,5.8,0.3,1.7,0.104,0.219,0.079,0.468,0.024,2001-02,196
196,6747,6747,Craig Brackins,PHI,24.0,208.28,104.32616,Iowa State,USA,2010,1,21,14,1.6,1.1,0.6,-32.3,0.054000000000000006,0.128,0.193,0.325,0.174,2011-12,197
197,9681,9681,David Nwaba,CHI,25.0,193.04,94.800728,None,USA,Undrafted,Undrafted,Undrafted,70,7.9,4.7,1.5,-5.8,0.05,0.142,0.153,0.542,0.094,2017-18,198
198,4264,4264,Andre Barrett,TOR,24.0,177.8,78.471416,Seton Hall,USA,Undrafted,Undrafted,Undrafted,19,4.6,1.3,2.7,-4.7,0.032,0.071,0.188,0.398,0.28,2005-06,199
199,3771,3771,David West,NOH,24.0,203.2,102.511792,Xavier,USA,2003,1,18,30,6.2,4.3,0.8,-22.0,0.079,0.204,0.196,0.479,0.085,2004-05,200
200,9068,9068,Gordon Hayward,UTA,26.0,203.2,102.511792,Butler,USA,2010,1,9,80,19.7,5.0,3.7,1.0,0.025,0.135,0.256,0.5589999999999999,0.181,2015-16,201
201,7523,7523,Enes Kanter,UTA,21.0,210.82,121.109064,Kentucky,Turkey,2011,1,3,70,7.2,4.3,0.4,3.7,0.147,0.17600000000000002,0.211,0.588,0.05,2012-13,202
202,4807,4807,Junior Harrington,MEM,26.0,193.04,86.18248,Wingate,USA,Undrafted,Undrafted,Undrafted,29,5.2,2.3,3.1,-2.5,0.028,0.124,0.173,0.483,0.246,2006-07,203
203,856,856,Jeff Grayer,GSW,32.0,195.58,95.25431999999999,Iowa State,USA,1988,1,13,5,2.0,0.8,0.4,-7.3,0.0,0.1,0.19,0.455,0.118,1997-98,204
204,1617,1617,Tracy Murray,WAS,28.0,200.66,103.418976,UCLA,USA,1992,1,18,80,10.1,3.4,0.9,-3.5,0.039,0.134,0.197,0.555,0.067,1999-00,205
205,2215,2215,Maurice Evans,MIN,23.0,195.58,99.79024,Texas,USA,Undrafted,Undrafted,Undrafted,10,2.1,0.4,0.4,-6.1,0.06,0.026,0.198,0.506,0.154,2001-02,206
206,1579,1579,Robert Pack,DAL,31.0,187.96,86.18248,Southern California,USA,Undrafted,Undrafted,Undrafted,29,8.9,1.4,5.8,-7.6,0.011,0.055,0.217,0.49,0.3670000000000001,1999-00,207
207,304,304,Tony Massenburg,NJN,29.0,205.74,113.398,Maryland,USA,1990,2,43,79,7.2,6.5,0.3,-6.2,0.119,0.172,0.139,0.523,0.018000000000000002,1996-97,208
208,668,668,Corey Beck,CHH,27.0,190.5,90.7184,Arkansas,USA,Undrafted,Undrafted,Undrafted,59,3.2,1.5,1.7,2.4,0.045,0.104,0.16,0.516,0.21,1997-98,209
209,8224,8224,Chris Bosh,MIA,31.0,210.82,106.59412,Georgia Tech,USA,2003,1,4,44,21.1,7.0,2.2,-2.2,0.036000000000000004,0.201,0.29,0.5479999999999999,0.121,2014-15,210
210,9646,9646,Anthony Tolliver,DET,33.0,203.2,108.86208,Creighton,USA,Undrafted,Undrafted,Undrafted,79,8.9,3.1,1.1,0.9,0.027000000000000003,0.109,0.14400000000000002,0.6629999999999999,0.076,2017-18,211
211,3938,3938,Derrick Coleman,DET,38.0,208.28,122.46984,Syracuse,USA,1990,1,1,5,1.8,3.0,0.0,-26.8,0.073,0.3,0.16,0.294,0.0,2004-05,212
212,7796,7796,Danny Green,SAS,27.0,198.12,97.52228,North Carolina,USA,2009,2,46,68,9.1,3.4,1.5,9.8,0.017,0.13,0.165,0.58,0.092,2013-14,213
213,4463,4463,DerMarr Johnson,DEN,27.0,205.74,95.25431999999999,Cincinnati,USA,2000,1,6,39,3.5,1.5,0.4,-6.1,0.025,0.122,0.188,0.414,0.068,2006-07,214
214,9758,9758,Reggie Bullock,DET,27.0,200.66,92.98636,North Carolina,USA,2013,1,25,62,11.3,2.5,1.5,0.6,0.015,0.07200000000000001,0.153,0.615,0.081,2017-18,215
215,3244,3244,Ricky Davis,BOS,24.0,200.66,88.45044,Iowa,USA,1998,1,21,79,14.4,4.5,3.3,-2.9,0.036000000000000004,0.127,0.228,0.5329999999999999,0.188,2003-04,216
216,7957,7957,Lou Amundson,CHI,31.0,205.74,102.0582,Nevada-Las Vegas,USA,Undrafted,Undrafted,Undrafted,19,2.0,2.9,0.3,-4.4,0.166,0.17600000000000002,0.139,0.446,0.057,2013-14,217
217,7023,7023,Kenyon Martin,LAC,34.0,205.74,108.86208,Cincinnati,USA,2000,1,1,42,5.2,4.3,0.4,1.4,0.061,0.174,0.13699999999999998,0.445,0.031,2011-12,218
218,346,346,Lamond Murray,LAC,24.0,200.66,107.047712,California,USA,1994,1,7,74,7.4,3.1,0.8,-1.4,0.071,0.138,0.209,0.52,0.077,1996-97,219
219,3928,3928,Donyell Marshall,TOR,32.0,205.74,104.32616,Connecticut,USA,1994,1,4,65,11.5,6.6,1.2,1.7,0.064,0.224,0.188,0.591,0.083,2004-05,220
220,11077,11077,Kendrick Nunn,MIA,24.0,187.96,86.18248,Oakland,USA,Undrafted,Undrafted,Undrafted,60,15.5,2.7,3.4,1.9,0.01,0.078,0.231,0.54,0.185,2019-20,221
221,9513,9513,Derrick Rose,NYK,28.0,190.5,86.18248,Memphis,USA,2008,1,1,64,18.0,3.8,4.4,-3.9,0.034,0.092,0.256,0.53,0.21600000000000005,2016-17,222
222,2351,2351,Vitaly Potapenko,BOS,27.0,208.28,129.27372,Wright State,Ukraine,1996,1,12,79,4.6,4.4,0.4,-1.0,0.132,0.154,0.141,0.513,0.038,2001-02,223
223,3307,3307,Carlos Boozer,CLE,22.0,205.74,117.026736,Duke,USA,2002,2,34,75,15.5,11.4,2.0,0.5,0.099,0.268,0.198,0.5670000000000001,0.098,2003-04,224
224,2531,2531,Jalen Rose,CHI,29.0,203.2,98.429464,Michigan,USA,1994,1,13,83,20.4,4.5,4.3,-2.1,0.016,0.117,0.26,0.528,0.203,2001-02,225
225,7496,7496,Chuck Hayes,SAC,30.0,198.12,113.398,Kentucky,USA,Undrafted,Undrafted,Undrafted,74,2.7,4.0,1.5,-2.2,0.105,0.177,0.095,0.469,0.135,2012-13,226
226,6087,6087,Shavlik Randolph,MIA,26.0,208.28,107.047712,Duke,USA,Undrafted,Undrafted,Undrafted,6,2.3,2.3,0.2,11.1,0.13699999999999998,0.152,0.193,0.371,0.031,2009-10,227
227,10908,10908,Spencer Dinwiddie,BKN,26.0,195.58,97.52228,Colorado,USA,2014,2,38,62,20.5,3.5,6.8,0.9,0.015,0.085,0.287,0.5379999999999999,0.345,2019-20,228
228,927,927,Cory Alexander,DEN,26.0,185.42,86.18248,Virginia,USA,1995,1,29,36,7.3,2.1,3.3,-1.1,0.01,0.102,0.2,0.467,0.275,1998-99,229
229,3852,3852,Antonio Daniels,SEA,30.0,193.04,92.98636,Bowling Green,USA,1997,1,4,75,11.2,2.3,4.1,4.2,0.012,0.08900000000000001,0.189,0.557,0.261,2004-05,230
230,9083,9083,Andre Iguodala,GSW,33.0,198.12,97.52228,Arizona,USA,2004,1,9,76,7.6,4.0,3.4,13.4,0.03,0.131,0.113,0.624,0.16899999999999998,2016-17,231
231,7363,7363,Jan Vesely,WAS,23.0,210.82,108.86208,None,Czech Republic,2011,1,6,51,2.5,2.4,0.5,-3.1,0.084,0.151,0.122,0.48,0.069,2012-13,232
232,5090,5090,C.J. Watson,GSW,24.0,187.96,81.64656,Tennessee,USA,Undrafted,Undrafted,Undrafted,32,3.7,1.0,1.1,1.9,0.036000000000000004,0.055,0.153,0.519,0.139,2007-08,233
233,4622,4622,Danny Granger,IND,24.0,205.74,103.418976,New Mexico,USA,2005,1,17,82,13.9,4.6,1.4,-3.2,0.047,0.114,0.182,0.573,0.07,2006-07,234
234,8270,8270,Jonas Valanciunas,TOR,23.0,213.36,115.66596,None,Lithuania,2011,1,5,80,12.0,8.7,0.5,-0.7,0.121,0.254,0.193,0.623,0.031,2014-15,235
235,10933,10933,Paul Millsap,DEN,35.0,200.66,116.573144,Louisiana Tech,USA,2006,2,47,42,11.8,5.8,1.6,11.5,0.083,0.153,0.198,0.598,0.09,2019-20,236
236,11113,11113,Mfiondu Kabengele,LAC,22.0,205.74,113.398,Florida State,Canada,2019,1,27,12,3.5,0.9,0.2,0.8,0.017,0.159,0.242,0.614,0.05,2019-20,237
237,4656,4656,Chris Paul,NOK,22.0,182.88,79.3786,Wake Forest,USA,2005,1,4,64,17.3,4.4,8.9,-1.6,0.026,0.117,0.227,0.537,0.397,2006-07,238
238,3403,3403,Jason Collins,NJN,25.0,213.36,117.93392,Stanford,USA,2001,1,18,78,5.9,5.1,2.0,6.8,0.077,0.13699999999999998,0.12,0.4970000000000001,0.105,2003-04,239
239,2124,2124,Vinny Del Negro,PHX,34.0,193.04,90.7184,North Carolina State,USA,1988,2,29,65,3.9,1.3,1.9,-2.1,0.014,0.091,0.13699999999999998,0.501,0.213,2000-01,240
240,4575,4575,Andres Nocioni,CHI,27.0,200.66,102.0582,None,Argentina,Undrafted,Undrafted,Undrafted,53,14.1,5.7,1.1,2.5,0.034,0.21,0.241,0.578,0.073,2006-07,241
241,5862,5862,Jamario Moon,CLE,30.0,203.2,90.7184,Meridian Community College,USA,Undrafted,Undrafted,Undrafted,61,4.9,3.1,0.8,7.5,0.03,0.175,0.129,0.555,0.073,2009-10,242
242,4641,4641,Carlos Arroyo,ORL,27.0,187.96,91.625584,Florida International,Puerto Rico,Undrafted,Undrafted,Undrafted,72,7.7,1.9,2.8,1.4,0.03,0.096,0.23,0.501,0.28600000000000003,2006-07,243
243,1285,1285,Jerome James,SAC,23.0,215.9,136.0776,Florida A&M,USA,1998,2,36,16,1.5,1.1,0.1,-20.5,0.118,0.268,0.338,0.41,0.053,1998-99,244
244,8278,8278,Josh McRoberts,MIA,28.0,208.28,108.86208,Duke,USA,2007,2,37,17,4.2,2.6,1.9,6.1,0.03,0.159,0.132,0.613,0.168,2014-15,245
245,6072,6072,Udonis Haslem,MIA,30.0,203.2,106.59412,Florida,USA,Undrafted,Undrafted,Undrafted,78,9.9,8.1,0.7,3.1,0.092,0.252,0.172,0.5379999999999999,0.042,2009-10,246
246,1160,1160,Olden Polynice,SEA,34.0,213.36,113.398,Virginia,USA,1987,1,8,48,7.7,8.9,0.9,-3.0,0.13699999999999998,0.196,0.139,0.461,0.047,1998-99,247
247,1509,1509,Chris Mills,GSW,30.0,200.66,97.975872,Arizona,USA,1993,1,22,20,16.1,6.2,2.4,-6.3,0.071,0.138,0.229,0.489,0.121,1999-00,248
248,1281,1281,Keith Van Horn,NJN,23.0,208.28,113.398,Utah,USA,1997,1,2,42,21.8,8.5,1.5,-4.1,0.076,0.18,0.28300000000000003,0.519,0.08199999999999999,1998-99,249
249,399,399,Mookie Blaylock,ATL,30.0,185.42,83.91452,Oklahoma,USA,1989,1,12,78,17.4,5.3,5.9,10.5,0.046,0.114,0.221,0.5479999999999999,0.272,1996-97,250
250,3290,3290,Chris Wilcox,LAC,21.0,208.28,103.872568,Maryland,USA,2002,1,8,65,8.6,4.7,0.8,-4.7,0.102,0.159,0.192,0.557,0.067,2003-04,251
251,2714,2714,Adam Harrington,DEN,22.0,195.58,90.7184,Auburn,USA,Undrafted,Undrafted,Undrafted,19,1.6,0.4,0.6,-15.7,0.01,0.08800000000000001,0.16699999999999998,0.387,0.179,2002-03,252
252,5474,5474,Antonio Daniels,NOH,34.0,193.04,92.98636,Bowling Green,USA,1997,1,4,74,4.1,1.0,2.4,-11.7,0.006,0.093,0.16399999999999998,0.536,0.3,2008-09,253
253,3651,3651,Travis Outlaw,POR,20.0,205.74,95.25431999999999,None,USA,2003,1,23,59,5.4,2.1,0.6,-5.4,0.063,0.109,0.197,0.532,0.078,2004-05,254
254,3437,3437,Jabari Smith,SAC,27.0,210.82,108.86208,Louisiana State,USA,2000,2,45,31,2.1,1.0,0.4,-12.6,0.065,0.127,0.224,0.406,0.133,2003-04,255
255,2992,2992,Junior Harrington,DEN,22.0,193.04,86.18248,Wingate,USA,Undrafted,Undrafted,Undrafted,82,5.1,3.0,3.4,-8.8,0.025,0.129,0.152,0.405,0.234,2002-03,256
256,9946,9946,Jaylen Brown,BOS,21.0,200.66,102.0582,California,USA,2016,1,3,70,14.5,4.9,1.6,7.7,0.03,0.124,0.208,0.562,0.081,2017-18,257
257,1147,1147,Scott Burrell,NJN,28.0,200.66,98.883056,Connecticut,USA,1993,1,20,32,6.6,3.7,1.4,-1.4,0.048,0.145,0.155,0.468,0.111,1998-99,258
258,6899,6899,Roy Hibbert,IND,25.0,218.44,117.93392,Georgetown,USA,2008,1,17,65,12.8,8.8,1.7,5.4,0.128,0.204,0.212,0.539,0.093,2011-12,259
259,10868,10868,Cody Zeller,CHA,27.0,213.36,108.86208,Indiana,USA,2013,1,4,56,11.0,7.0,1.5,-8.2,0.108,0.195,0.202,0.5710000000000001,0.109,2019-20,260
260,3017,3017,Nazr Mohammed,ATL,25.0,208.28,113.398,Kentucky,USA,1998,1,29,35,4.6,3.7,0.2,-12.3,0.111,0.202,0.201,0.452,0.024,2002-03,261
261,3942,3942,Eduardo Najera,DEN,28.0,203.2,106.59412,Oklahoma,Mexico,2000,2,38,68,5.2,3.6,1.0,2.8,0.092,0.14,0.158,0.489,0.084,2004-05,262
262,9357,9357,Reggie Williams,NOP,30.0,201.0,86.0,Virginia Military Institute,USA,Undrafted,Undrafted,Undrafted,6,4.5,1.0,0.7,-20.2,0.022,0.062,0.132,0.518,0.087,2016-17,263
263,7434,7434,Kevin Seraphin,WAS,23.0,205.74,124.7378,Le Moyne,France,2010,1,17,79,9.1,4.4,0.7,-6.2,0.069,0.156,0.236,0.478,0.063,2012-13,264
264,8848,8848,Ryan Anderson,NOP,28.0,208.28,108.86208,California,USA,2008,1,21,66,17.0,6.0,1.1,-1.2,0.069,0.153,0.242,0.546,0.059,2015-16,265
265,5762,5762,Mark Madsen,MIN,33.0,205.74,115.66596,Stanford,USA,2000,1,29,19,0.3,0.9,0.2,0.2,0.084,0.077,0.068,0.19,0.044,2008-09,266
266,7590,7590,Caron Butler,LAC,33.0,200.66,103.418976,Connecticut,USA,2002,1,10,78,10.4,2.9,1.0,6.4,0.026,0.118,0.202,0.535,0.063,2012-13,267
267,4219,4219,Brian Cook,LAL,25.0,205.74,117.026736,Illinois,USA,2003,1,24,81,7.9,3.4,0.9,3.5,0.068,0.14800000000000002,0.183,0.578,0.079,2005-06,268
268,883,883,Brian Shaw,POR,33.0,198.12,90.7184,California-Santa Barbara,USA,1988,1,24,1,0.0,1.0,1.0,-31.2,0.0,0.25,0.154,0.0,0.333,1998-99,269
269,8181,8181,Anthony Morrow,OKC,29.0,195.58,95.25431999999999,Georgia Tech,USA,Undrafted,Undrafted,Undrafted,74,10.7,2.6,0.8,4.4,0.024,0.09,0.16399999999999998,0.604,0.05,2014-15,270
270,1983,1983,Michael Doleac,ORL,24.0,210.82,118.841104,Utah,USA,1998,1,12,77,6.4,3.5,0.8,3.4,0.055,0.171,0.196,0.443,0.077,2000-01,271
271,2855,2855,Samaki Walker,LAL,27.0,205.74,115.66596,Louisville,USA,1996,1,9,67,4.4,5.5,1.0,-2.7,0.1,0.224,0.13699999999999998,0.465,0.08,2002-03,272
272,3418,3418,Jake Voskuhl,PHX,26.0,210.82,111.13004,Connecticut,USA,2000,2,33,66,6.6,5.2,0.9,-1.0,0.086,0.16399999999999998,0.129,0.5770000000000001,0.053,2003-04,273
273,8621,8621,Miles Plumlee,MIL,27.0,210.82,112.944408,Duke,USA,2012,1,26,61,5.1,3.8,0.3,-4.5,0.121,0.174,0.154,0.606,0.03,2015-16,274
274,6495,6495,Al Horford,ATL,25.0,208.28,111.13004,Florida,Dominican Republic,2007,1,3,77,15.3,9.3,3.5,0.2,0.081,0.233,0.199,0.5870000000000001,0.16899999999999998,2010-11,275
275,1350,1350,DeMarco Johnson,NYK,24.0,205.74,111.13004,North Carolina-Charlotte,USA,1998,2,38,5,1.2,1.4,0.0,-0.3,0.097,0.105,0.154,0.333,0.0,1999-00,276
276,3833,3833,Brad Miller,SAC,29.0,213.36,118.38751200000002,Purdue,USA,Undrafted,Undrafted,Undrafted,56,15.6,9.3,3.9,4.9,0.077,0.198,0.175,0.596,0.16,2004-05,277
277,5544,5544,Joe Alexander,MIL,22.0,203.2,104.32616,West Virginia,USA,2008,1,8,59,4.7,1.9,0.7,-3.1,0.068,0.125,0.201,0.494,0.094,2008-09,278
278,2574,2574,Jason Hart,SAS,24.0,187.96,82.10015200000002,Syracuse,USA,2000,2,49,10,2.6,1.3,1.2,5.0,0.058,0.123,0.161,0.601,0.231,2001-02,279
279,9682,9682,David Stockton,UTA,27.0,180.34,74.84268,Gonzaga,USA,Undrafted,Undrafted,Undrafted,3,3.3,0.0,0.0,-46.3,0.0,0.0,0.25,1.05,0.0,2017-18,280
280,3399,3399,Jason Richardson,GSW,23.0,198.12,102.0582,Michigan State,USA,2001,1,5,78,18.7,6.7,2.9,-0.3,0.047,0.151,0.256,0.504,0.14300000000000002,2003-04,281
281,6653,6653,Royal Ivey,OKC,29.0,193.04,97.52228,Texas,USA,2004,2,37,25,1.6,0.6,0.3,-8.9,0.014,0.099,0.13,0.527,0.077,2010-11,282
282,2344,2344,Walt Williams,HOU,32.0,203.2,104.32616,Maryland,USA,1992,1,7,48,9.4,3.4,1.4,-4.1,0.038,0.129,0.195,0.5379999999999999,0.107,2001-02,283
283,8256,8256,C.J. Watson,IND,31.0,187.96,79.3786,Tennessee,USA,Undrafted,Undrafted,Undrafted,57,10.0,2.9,3.6,-0.6,0.014,0.113,0.185,0.581,0.229,2014-15,284
284,11112,11112,Michael Carter-Williams,ORL,28.0,195.58,86.18248,Syracuse,USA,2013,1,11,40,6.7,3.4,2.5,-0.3,0.052000000000000005,0.128,0.172,0.52,0.205,2019-20,285
285,850,850,J.R. Reid,CHH,30.0,208.28,112.037224,North Carolina,USA,1989,1,5,79,4.9,2.7,0.6,1.2,0.078,0.14800000000000002,0.179,0.517,0.078,1997-98,286
286,3006,3006,Kerry Kittles,NJN,29.0,195.58,81.64656,Villanova,USA,1996,1,8,65,13.0,3.9,2.6,5.4,0.03,0.117,0.191,0.55,0.15,2002-03,287
287,5274,5274,Tracy McGrady,HOU,29.0,203.2,101.151016,None,USA,1997,1,9,66,21.6,5.1,5.9,5.7,0.019,0.134,0.303,0.487,0.294,2007-08,288
288,4004,4004,Nikoloz Tskitishvili,PHX,23.0,213.36,102.0582,None,Georgia,2002,1,5,17,2.1,1.3,0.2,-13.3,0.087,0.131,0.219,0.417,0.057,2005-06,289
289,9145,9145,Aaron Gordon,ORL,21.0,205.74,99.79024,Arizona,USA,2014,1,4,80,12.7,5.1,1.9,-2.8,0.054000000000000006,0.141,0.2,0.53,0.097,2016-17,290
290,2191,2191,Ryan Bowen,DEN,25.0,200.66,99.79024,Iowa,USA,1998,2,55,57,3.4,2.0,0.5,-2.4,0.093,0.083,0.117,0.585,0.068,2000-01,291
291,7816,7816,Derrick Rose,CHI,25.0,190.5,86.18248,Memphis,USA,2008,1,1,10,15.9,3.2,4.3,-3.3,0.031,0.076,0.295,0.446,0.257,2013-14,292
292,2452,2452,Darrell Armstrong,ORL,34.0,185.42,81.64656,Fayetteville State,USA,Undrafted,Undrafted,Undrafted,82,12.4,3.9,5.5,3.2,0.033,0.097,0.17800000000000002,0.5529999999999999,0.249,2001-02,293
293,9523,9523,George Hill,UTA,31.0,190.5,85.275296,Indiana Purdue-Indianapolis,USA,2008,1,26,49,16.9,3.4,4.2,8.6,0.017,0.105,0.236,0.599,0.227,2016-17,294
294,10563,10563,Milos Teodosic,LAC,32.0,195.58,88.904032,None,Serbia,Undrafted,Undrafted,Undrafted,15,3.2,1.1,2.1,5.4,0.021,0.084,0.171,0.557,0.26,2018-19,295
295,3082,3082,Michael Curry,TOR,35.0,195.58,95.25431999999999,Georgia Southern,USA,Undrafted,Undrafted,Undrafted,70,2.9,1.2,0.8,-6.0,0.021,0.06,0.111,0.46,0.083,2003-04,296
296,1905,1905,Alan Henderson,ATL,28.0,205.74,106.59412,Indiana,USA,1995,1,16,73,10.5,5.6,0.7,-8.8,0.109,0.147,0.224,0.487,0.05,2000-01,297
297,3585,3585,Kelvin Cato,ORL,30.0,210.82,124.7378,Iowa State,USA,1997,1,15,62,7.0,6.7,0.6,2.7,0.077,0.221,0.122,0.6,0.039,2004-05,298
298,6291,6291,Linas Kleiza,TOR,26.0,203.2,111.13004,Missouri,Lithuania,2005,1,27,39,11.2,4.5,1.0,-4.9,0.042,0.163,0.214,0.502,0.06,2010-11,299
299,1795,1795,Derek Fisher,LAL,26.0,185.42,90.7184,Arkansas-Little Rock,USA,1996,1,24,20,11.5,3.0,4.4,11.1,0.008,0.08900000000000001,0.153,0.534,0.181,2000-01,300
300,2039,2039,Juwan Howard,DAL,28.0,205.74,113.398,Michigan,USA,1994,1,5,81,18.0,7.1,2.8,-1.4,0.067,0.156,0.246,0.527,0.135,2000-01,301
301,4489,4489,Ime Udoka,POR,29.0,195.58,99.79024,Portland State,USA,Undrafted,Undrafted,Undrafted,75,8.4,3.7,1.5,-3.6,0.054000000000000006,0.111,0.13699999999999998,0.569,0.085,2006-07,302
302,5190,5190,Kevin Ollie,PHI,35.0,187.96,88.45044,Connecticut,USA,Undrafted,Undrafted,Undrafted,40,1.8,0.5,1.0,8.5,0.015,0.062,0.118,0.463,0.177,2007-08,303
303,6761,6761,Chris Kaman,NOH,30.0,213.36,120.20188,Central Michigan,USA,2003,1,6,47,13.1,7.7,2.1,-2.6,0.08,0.231,0.265,0.478,0.134,2011-12,304
304,10889,10889,Royce O'Neale,UTA,26.0,193.04,102.511792,Baylor,USA,Undrafted,Undrafted,Undrafted,63,6.1,5.3,2.6,6.1,0.013,0.158,0.09,0.5820000000000001,0.115,2019-20,305
305,7066,7066,Blake Griffin,LAC,23.0,208.28,113.851592,Oklahoma,USA,2009,1,1,66,20.7,10.9,3.2,6.9,0.107,0.244,0.266,0.557,0.156,2011-12,306
306,8455,8455,Reggie Evans,SAC,35.0,203.2,111.13004,Iowa,USA,Undrafted,Undrafted,Undrafted,47,3.7,6.4,0.7,-4.4,0.149,0.32299999999999995,0.129,0.49,0.065,2014-15,307
307,9511,9511,Derrick Favors,UTA,25.0,208.28,120.20188,Georgia Tech,USA,2010,1,3,50,9.5,6.1,1.1,2.8,0.092,0.205,0.208,0.512,0.079,2016-17,308
308,5331,5331,Robert Swift,SEA,22.0,215.9,111.13004,None,USA,2004,1,12,8,1.8,2.3,0.1,-16.9,0.07400000000000001,0.154,0.123,0.391,0.014,2007-08,309
309,8798,8798,Khris Middleton,MIL,24.0,203.2,106.140528,Texas A&M,USA,2012,2,39,79,18.2,3.8,4.2,-0.1,0.018000000000000002,0.103,0.229,0.56,0.183,2015-16,310
310,5950,5950,Carl Landry,SAC,26.0,205.74,112.490816,Purdue,USA,2007,2,31,80,16.8,5.9,0.8,-2.9,0.086,0.136,0.227,0.6,0.048,2009-10,311
311,4710,4710,Renaldo Major,GSW,25.0,200.66,86.18248,Fresno State,USA,Undrafted,Undrafted,Undrafted,1,5.0,2.0,0.0,21.5,0.0,0.091,0.171,0.23,0.0,2006-07,312
312,1457,1457,Aaron Williams,WAS,28.0,205.74,102.0582,Xavier,USA,Undrafted,Undrafted,Undrafted,81,7.6,5.0,0.7,2.2,0.122,0.18600000000000005,0.18,0.5720000000000001,0.062,1999-00,313
313,3609,3609,Lorenzen Wright,MEM,29.0,210.82,108.86208,Memphis,USA,1996,1,7,80,9.6,7.7,1.1,1.3,0.093,0.233,0.181,0.501,0.066,2004-05,314
314,11067,11067,KZ Okpala,MIA,20.0,203.2,97.52228,Stanford,USA,2019,2,32,5,1.4,1.0,0.2,-31.7,0.038,0.16,0.102,0.595,0.077,2019-20,315
315,9306,9306,Ryan Kelly,ATL,26.0,210.82,104.32616,Duke,USA,2013,2,48,16,1.6,1.1,0.5,2.6,0.01,0.168,0.147,0.408,0.116,2016-17,316
316,1662,1662,Lindsey Hunter,DET,29.0,187.96,88.45044,Jackson State,USA,1993,1,10,82,12.7,3.0,4.0,1.9,0.014,0.085,0.165,0.5429999999999999,0.171,1999-00,317
317,2088,2088,Paul Pierce,BOS,23.0,198.12,104.32616,Kansas,USA,1998,1,10,82,25.3,6.4,3.1,-1.3,0.034,0.16699999999999998,0.306,0.563,0.166,2000-01,318
318,3079,3079,Michael Olowokandi,MIN,29.0,213.36,122.46984,Pacific,Nigeria,1998,1,1,43,6.5,5.7,0.6,10.3,0.104,0.18,0.192,0.446,0.041,2003-04,319
319,5121,5121,Marcus Williams,NJN,22.0,190.5,92.98636,Connecticut,USA,2006,1,22,53,5.9,1.9,2.6,-11.2,0.019,0.124,0.212,0.499,0.285,2007-08,320
320,5471,5471,Anthony Roberson,CHI,26.0,187.96,81.64656,Florida,USA,Undrafted,Undrafted,Undrafted,29,4.1,0.8,0.7,-11.5,0.022,0.066,0.206,0.487,0.124,2008-09,321
321,4328,4328,Jackson Vroman,NOK,25.0,208.28,99.79024,Iowa State,USA,2004,2,31,41,1.8,2.1,0.3,2.0,0.099,0.161,0.123,0.428,0.042,2005-06,322
322,10255,10255,Channing Frye,CLE,36.0,213.36,115.66596,Arizona,USA,2005,1,8,36,3.6,1.4,0.6,-22.7,0.01,0.158,0.174,0.524,0.1,2018-19,323
323,35,35,Derrick McKey,IND,30.0,205.74,92.98636,Alabama,USA,1987,1,9,50,8.0,4.8,2.7,-0.2,0.067,0.127,0.16699999999999998,0.462,0.154,1996-97,324
324,7556,7556,Anthony Davis,NOH,20.0,208.28,99.79024,Kentucky,USA,2012,1,1,64,13.5,8.2,1.0,-5.5,0.106,0.236,0.215,0.5589999999999999,0.06,2012-13,325
325,50,50,Donyell Marshall,GSW,24.0,205.74,104.32616,Connecticut,USA,1994,1,4,61,7.3,4.5,0.9,-8.6,0.098,0.21,0.222,0.478,0.08800000000000001,1996-97,326
326,1110,1110,Litterial Green,CLE,29.0,185.42,83.91452,Georgia,USA,1992,2,39,1,0.0,0.0,0.0,-42.0,0.0,0.0,0.333,0.0,0.0,1998-99,327
327,4734,4734,Wally Szczerbiak,BOS,30.0,200.66,110.676448,Miami (OH),USA,1999,1,6,32,15.0,3.1,1.7,-3.4,0.021,0.111,0.249,0.54,0.107,2006-07,328
328,4568,4568,Bostjan Nachbar,NJN,26.0,205.74,100.243832,None,Slovenia,2002,1,15,76,9.2,3.3,0.8,0.2,0.021,0.171,0.193,0.614,0.07200000000000001,2006-07,329
329,8736,8736,Jerami Grant,PHI,22.0,203.2,95.25431999999999,Syracuse,USA,2014,2,39,77,9.7,4.7,1.8,-9.1,0.051,0.139,0.183,0.506,0.106,2015-16,330
330,95,95,Glenn Robinson,MIL,24.0,200.66,106.59412,Purdue,USA,1994,1,1,80,21.1,6.3,3.1,-2.9,0.051,0.14400000000000002,0.278,0.528,0.146,1996-97,331
331,5245,5245,Shavlik Randolph,PHI,24.0,208.28,108.86208,Duke,USA,Undrafted,Undrafted,Undrafted,9,0.9,1.2,0.3,25.3,0.36,0.087,0.238,0.28600000000000003,0.13,2007-08,332
332,6524,6524,Brian Skinner,MIL,35.0,205.74,115.66596,Baylor,USA,1998,1,22,2,0.0,0.0,0.0,-95.6,0.0,0.0,0.0,0.0,0.0,2010-11,333
333,1530,1530,Cherokee Parks,VAN,27.0,210.82,108.86208,Duke,USA,1995,1,12,56,3.0,3.3,0.6,-6.2,0.079,0.191,0.107,0.521,0.068,1999-00,334
334,7698,7698,Quincy Acy,SAC,23.0,200.66,102.0582,Baylor,USA,2012,2,37,63,2.7,3.4,0.4,-7.8,0.092,0.19,0.101,0.52,0.051,2013-14,335
335,6412,6412,Darrell Arthur,MEM,23.0,205.74,106.59412,Kansas,USA,2008,1,27,80,9.1,4.3,0.7,2.0,0.08199999999999999,0.16699999999999998,0.21600000000000005,0.534,0.056,2010-11,336
336,1730,1730,Mirsad Turkcan,MIL,24.0,205.74,97.975872,None,USA,1998,1,18,17,1.9,1.9,0.3,-23.8,0.14,0.299,0.238,0.397,0.119,1999-00,337
337,2232,2232,Popeye Jones,WAS,32.0,203.2,113.398,Murray State,USA,1992,2,41,79,7.0,7.3,1.6,1.5,0.13699999999999998,0.211,0.156,0.49,0.103,2001-02,338
338,761,761,Anthony Bowie,NYK,34.0,198.12,90.7184,Oklahoma,USA,1986,3,66,27,2.8,1.0,0.4,-2.2,0.049,0.094,0.151,0.586,0.078,1997-98,339
339,8296,8296,Jodie Meeks,DET,27.0,193.04,95.25431999999999,Kentucky,USA,2009,2,41,60,11.1,1.7,1.3,-3.8,0.009000000000000001,0.071,0.202,0.5479999999999999,0.091,2014-15,340
340,4031,4031,Kevin Martin,SAC,23.0,200.66,83.91452,Western Carolina,USA,2004,1,26,72,10.8,3.6,1.3,0.8,0.036000000000000004,0.122,0.172,0.604,0.085,2005-06,341
341,1433,1433,Armen Gilliam,UTA,36.0,205.74,117.93392,Nevada-Las Vegas,USA,1987,1,2,50,6.7,4.2,0.8,-4.7,0.104,0.203,0.234,0.486,0.106,1999-00,342
342,3405,3405,Jarvis Hayes,WAS,22.0,200.66,99.79024,Georgia,USA,2003,1,10,70,9.6,3.8,1.5,-7.2,0.037000000000000005,0.108,0.18600000000000005,0.456,0.092,2003-04,343
343,214,214,Chris Morris,UTA,31.0,203.2,99.79024,Auburn,USA,1988,1,4,73,4.3,2.2,0.6,-7.3,0.049,0.155,0.17800000000000002,0.486,0.075,1996-97,344
344,11143,11143,Norvel Pelle,PHI,27.0,208.28,104.779752,None,USA,Undrafted,Undrafted,Undrafted,20,2.1,3.0,0.4,-16.4,0.085,0.237,0.126,0.521,0.056,2019-20,345
345,7888,7888,Iman Shumpert,NYK,24.0,195.58,99.79024,Georgia Tech,USA,2011,1,17,74,6.7,4.2,1.7,5.2,0.048,0.14,0.142,0.48,0.097,2013-14,346
346,9480,9480,Domantas Sabonis,OKC,21.0,210.82,108.86208,Gonzaga,Lithuania,2016,1,11,81,5.9,3.6,1.0,0.2,0.032,0.16399999999999998,0.158,0.469,0.073,2016-17,347
347,2998,2998,Kelvin Cato,HOU,28.0,210.82,124.7378,Iowa State,USA,1997,1,15,73,4.5,5.9,0.3,0.1,0.122,0.272,0.134,0.535,0.027000000000000003,2002-03,348
348,3912,3912,Jason Terry,DAL,27.0,187.96,81.64656,Arizona,USA,1999,1,10,80,12.4,2.4,5.4,9.8,0.018000000000000002,0.067,0.181,0.606,0.279,2004-05,349
349,900,900,Brent Barry,CHI,27.0,198.12,88.45044,Oregon State,USA,1995,1,15,37,11.1,3.9,3.1,-11.2,0.036000000000000004,0.111,0.18600000000000005,0.514,0.193,1998-99,350
350,6329,6329,Goran Dragic,HOU,25.0,190.5,86.18248,None,Slovenia,2008,2,45,70,7.5,2.0,2.9,-6.7,0.032,0.1,0.228,0.524,0.29100000000000004,2010-11,351
351,4484,4484,Earl Boykins,MIL,31.0,165.1,60.327736,Eastern Michigan,USA,Undrafted,Undrafted,Undrafted,66,14.6,2.1,4.4,-5.9,0.026,0.05,0.213,0.5479999999999999,0.241,2006-07,352
352,461,461,Malik Rose,SAS,23.0,200.66,113.398,Drexel,USA,1996,2,44,53,3.0,1.7,0.4,-6.8,0.104,0.131,0.212,0.485,0.086,1997-98,353
353,6325,6325,Ime Udoka,SAS,33.0,195.58,99.79024,Portland State,USA,Undrafted,Undrafted,Undrafted,20,0.7,1.0,0.7,0.6,0.041,0.12,0.109,0.285,0.153,2010-11,354
354,10814,10814,Anthony Tolliver,MEM,34.0,203.2,108.86208,Creighton,USA,Undrafted,Undrafted,Undrafted,46,3.5,2.9,0.7,-7.0,0.037000000000000005,0.135,0.11,0.493,0.061,2019-20,355
355,5224,5224,Thabo Sefolosha,CHI,24.0,200.66,97.52228,None,Switzerland,2006,1,13,69,6.7,3.7,1.9,-2.3,0.04,0.168,0.175,0.4970000000000001,0.146,2007-08,356
356,4474,4474,Dirk Nowitzki,DAL,29.0,213.36,111.13004,None,Germany,1998,1,9,78,24.6,8.9,3.4,11.1,0.054000000000000006,0.238,0.289,0.605,0.16899999999999998,2006-07,357
357,9891,9891,Stanley Johnson,DET,22.0,200.66,111.13004,Arizona,USA,2015,1,8,69,8.7,3.7,1.6,-0.6,0.017,0.115,0.161,0.48,0.086,2017-18,358
358,5140,5140,Nazr Mohammed,CHA,30.0,208.28,113.398,Kentucky,USA,1998,1,29,82,7.8,6.0,0.9,-6.5,0.13,0.205,0.194,0.5329999999999999,0.07400000000000001,2007-08,359
359,2464,2464,Dalibor Bagaric,CHI,21.0,215.9,122.46984,None,Croatia,2000,1,24,50,3.7,3.2,0.5,-11.9,0.1,0.201,0.188,0.443,0.059,2001-02,360
360,1758,1758,Jelani McCoy,SEA,23.0,208.28,111.13004,UCLA,USA,1998,2,33,70,4.5,3.6,0.8,-4.2,0.091,0.153,0.155,0.52,0.08199999999999999,2000-01,361
361,6289,6289,Marcus Banks,TOR,29.0,187.96,92.98636,Nevada-Las Vegas,USA,2003,1,13,3,2.0,0.3,1.0,17.1,0.0,0.067,0.145,0.5429999999999999,0.188,2010-11,362
362,533,533,Lamond Murray,LAC,25.0,200.66,107.047712,California,USA,1994,1,7,79,15.4,6.1,1.8,-8.2,0.077,0.14,0.223,0.5479999999999999,0.099,1997-98,363
363,2611,2611,Eddy Curry,CHI,19.0,210.82,129.27372,None,USA,2001,1,4,72,6.7,3.8,0.3,-11.1,0.113,0.162,0.207,0.54,0.039,2001-02,364
364,10997,10997,Thon Maker,DET,23.0,213.36,100.243832,None,South Sudan,2016,1,10,58,4.6,2.8,0.7,-7.6,0.071,0.154,0.16,0.5870000000000001,0.08800000000000001,2019-20,365
365,10246,10246,CJ Miles,MEM,32.0,198.12,99.79024,None,USA,2005,2,34,53,6.4,1.8,0.7,-1.7,0.014,0.09,0.173,0.504,0.061,2018-19,366
366,10264,10264,Alex Len,ATL,26.0,215.9,113.398,Maryland,Ukraine,2013,1,5,77,11.1,5.5,1.1,-4.4,0.09,0.159,0.214,0.575,0.086,2018-19,367
367,3546,3546,Obinna Ekezie,ATL,29.0,205.74,122.46984,Maryland,Nigeria,1999,2,37,42,5.5,4.3,0.3,-5.5,0.114,0.179,0.165,0.516,0.023,2004-05,368
368,4397,4397,David West,NOK,25.0,205.74,108.86208,Xavier,USA,2003,1,18,74,17.1,7.4,1.2,-4.3,0.077,0.18600000000000005,0.229,0.5539999999999999,0.07,2005-06,369
369,10381,10381,Stanley Johnson,NOP,23.0,200.66,111.13004,Arizona,USA,2015,1,8,66,6.9,3.3,1.3,-7.9,0.025,0.142,0.18600000000000005,0.485,0.118,2018-19,370
370,2684,2684,Corey Maggette,LAC,23.0,198.12,103.418976,Duke,USA,1999,1,13,64,16.8,5.0,1.9,-6.7,0.043,0.13699999999999998,0.244,0.564,0.112,2002-03,371
371,3299,3299,Cherokee Parks,GSW,31.0,210.82,108.86208,Duke,USA,1995,1,12,12,1.0,0.8,0.1,-12.6,0.08,0.13,0.12,0.475,0.03,2003-04,372
372,6512,6512,Carl Landry,NOH,27.0,205.74,112.490816,Purdue,USA,2007,2,31,76,11.9,4.6,0.8,-4.5,0.094,0.112,0.207,0.555,0.052000000000000005,2010-11,373
373,8145,8145,Willie Green,ORL,33.0,190.5,92.98636,Detroit Mercy,USA,2003,2,41,52,5.9,1.5,1.3,-4.7,0.017,0.075,0.177,0.477,0.121,2014-15,374
374,7724,7724,Vince Carter,DAL,37.0,198.12,99.79024,North Carolina,USA,1998,1,5,81,11.9,3.5,2.6,3.0,0.038,0.125,0.229,0.539,0.17,2013-14,375
375,3524,3524,Matt Carroll,CHA,24.0,198.12,96.161504,Notre Dame,USA,Undrafted,Undrafted,Undrafted,25,9.0,2.4,0.7,2.3,0.032,0.12,0.246,0.517,0.07,2004-05,376
376,7741,7741,Alexey Shved,MIN,25.0,198.12,84.821704,None,Russia,Undrafted,Undrafted,Undrafted,63,4.0,1.3,1.1,-3.6,0.033,0.099,0.213,0.452,0.162,2013-14,377
377,1068,1068,Marty Conlon,MIA,31.0,208.28,101.604608,Providence,USA,Undrafted,Undrafted,Undrafted,7,1.1,0.7,0.1,-10.7,0.033,0.125,0.204,0.28800000000000003,0.045,1998-99,378
378,9205,9205,Marcelo Huertas,LAL,34.0,190.5,90.7184,None,Brazil,Undrafted,Undrafted,Undrafted,23,2.7,1.0,2.3,-12.3,0.009000000000000001,0.116,0.171,0.417,0.311,2016-17,379
379,2638,2638,Shawn Bradley,DAL,31.0,228.6,124.7378,Brigham Young,USA,1993,1,2,81,6.7,5.9,0.7,10.0,0.098,0.204,0.138,0.601,0.047,2002-03,380
380,8543,8543,Malcolm Lee,PHI,25.0,195.58,90.7184,UCLA,USA,2011,2,43,1,0.0,0.0,0.0,66.7,0.0,0.0,0.192,0.0,0.0,2014-15,381
381,9144,9144,Aaron Harrison,CHA,22.0,198.12,95.25431999999999,Kentucky,USA,Undrafted,Undrafted,Undrafted,5,0.2,0.6,0.6,-18.6,0.0,0.2,0.142,0.102,0.375,2016-17,382
382,5875,5875,Jason Collins,ATL,31.0,213.36,115.66596,Stanford,USA,2001,1,18,24,0.7,0.6,0.2,-11.0,0.052000000000000005,0.083,0.111,0.335,0.053,2009-10,383
383,10812,10812,Ante Zizic,CLE,23.0,208.28,120.655472,None,Croatia,2016,1,23,22,4.4,3.0,0.3,1.3,0.084,0.211,0.168,0.597,0.038,2019-20,384
384,10337,10337,D.J. Augustin,ORL,31.0,182.88,83.007336,Texas,USA,2008,1,9,81,11.7,2.5,5.3,3.2,0.018000000000000002,0.071,0.16899999999999998,0.616,0.258,2018-19,385
385,2447,2447,DeSagana Diop,CLE,20.0,213.36,136.0776,None,Senegal,2001,1,8,18,1.4,0.9,0.3,-1.4,0.057,0.118,0.182,0.401,0.069,2001-02,386
386,2069,2069,Larry Robinson,ATL,33.0,190.5,81.64656,Centenary (LA),USA,Undrafted,Undrafted,Undrafted,34,5.9,2.6,1.1,-6.4,0.043,0.122,0.157,0.511,0.1,2000-01,387
387,8144,8144,Wilson Chandler,DEN,28.0,203.2,102.0582,DePaul,USA,2007,1,23,78,13.9,6.1,1.7,-5.1,0.041,0.174,0.201,0.523,0.086,2014-15,388
388,1254,1254,Greg Ostertag,UTA,26.0,218.44,127.00576,Kansas,USA,1995,1,28,48,5.7,7.3,0.5,12.6,0.105,0.198,0.11,0.523,0.027000000000000003,1998-99,389
389,8492,8492,Toney Douglas,NOP,29.0,187.96,88.45044,Florida State,USA,2009,1,29,12,4.3,1.8,2.0,5.0,0.015,0.13,0.187,0.45,0.214,2014-15,390
390,4977,4977,Hilton Armstrong,NOH,23.0,210.82,106.59412,Connecticut,USA,2006,1,12,65,2.7,2.5,0.4,-1.3,0.103,0.177,0.152,0.498,0.048,2007-08,391
391,1113,1113,Loy Vaught,DET,31.0,205.74,108.86208,Michigan,USA,1990,1,13,37,3.4,3.9,0.3,-0.6,0.09,0.259,0.181,0.394,0.043,1998-99,392
392,7476,7476,Danny Green,SAS,26.0,198.12,95.25431999999999,North Carolina,USA,2009,2,46,80,10.5,3.1,1.8,7.8,0.02,0.103,0.168,0.6,0.095,2012-13,393
393,5076,5076,Channing Frye,POR,25.0,210.82,112.490816,Arizona,USA,2005,1,8,78,6.8,4.5,0.7,0.5,0.094,0.221,0.196,0.529,0.073,2007-08,394
394,9851,9851,Tyler Ennis,LAL,23.0,190.5,87.996848,Syracuse,Canada,2014,1,18,54,4.1,1.8,1.9,-1.7,0.026,0.101,0.16899999999999998,0.473,0.234,2017-18,395
395,5711,5711,Theo Ratliff,PHI,36.0,208.28,106.59412,Wyoming,USA,1995,1,18,46,1.9,2.8,0.2,-1.0,0.097,0.171,0.075,0.56,0.024,2008-09,396
396,7095,7095,Amir Johnson,TOR,25.0,205.74,95.25431999999999,None,USA,2005,2,56,64,7.1,6.4,1.2,0.7,0.115,0.189,0.14300000000000002,0.6,0.085,2011-12,397
397,7609,7609,Carlos Boozer,CHI,31.0,205.74,120.655472,Duke,USA,2002,2,34,79,16.2,9.8,2.3,-2.7,0.077,0.273,0.258,0.51,0.132,2012-13,398
398,7381,7381,J.J. Barea,MIN,29.0,182.88,79.3786,Northeastern,Puerto Rico,Undrafted,Undrafted,Undrafted,74,11.3,2.8,4.0,-2.0,0.021,0.119,0.25,0.51,0.301,2012-13,399
399,2980,2980,Marcus Haislip,MIL,22.0,208.28,104.32616,Tennessee,USA,2002,1,13,39,4.1,1.4,0.2,-3.8,0.054000000000000006,0.087,0.199,0.474,0.036000000000000004,2002-03,400
400,5211,5211,Kwame Brown,MEM,26.0,210.82,122.46984,None,USA,2001,1,1,38,4.8,4.9,1.2,-4.9,0.081,0.203,0.14800000000000002,0.4970000000000001,0.099,2007-08,401
401,9069,9069,Goran Dragic,MIA,30.0,190.5,86.18248,None,Slovenia,2008,2,45,72,14.1,3.8,5.8,4.1,0.026,0.101,0.215,0.537,0.276,2015-16,402
402,5554,5554,Jawad Williams,CLE,26.0,205.74,98.883056,North Carolina,USA,Undrafted,Undrafted,Undrafted,10,1.2,0.2,0.0,13.5,0.063,0.059,0.318,0.5,0.0,2008-09,403
403,4706,4706,Ray Allen,SEA,31.0,195.58,92.98636,Connecticut,USA,1996,1,5,55,26.4,4.5,4.1,-1.9,0.03,0.103,0.293,0.564,0.183,2006-07,404
404,9457,9457,CJ McCollum,POR,25.0,190.5,86.18248,Lehigh,USA,2013,1,10,80,23.0,3.6,3.6,1.2,0.024,0.09,0.274,0.585,0.175,2016-17,405
405,6203,6203,Marcus Haislip,SAS,29.0,208.28,104.32616,Tennessee,USA,2002,1,13,10,2.5,1.0,0.0,-2.6,0.108,0.13,0.281,0.539,0.0,2009-10,406
406,5441,5441,Delonte West,CLE,25.0,190.5,81.64656,Saint Joseph's,USA,2004,1,24,64,11.7,3.2,3.5,15.3,0.018000000000000002,0.09,0.168,0.5589999999999999,0.162,2008-09,407
407,457,457,Mario Elie,HOU,34.0,195.58,95.25431999999999,American International,USA,1985,7,160,73,8.4,2.1,3.0,-0.6,0.024,0.069,0.145,0.575,0.173,1997-98,408
408,10509,10509,Kyle Kuzma,LAL,23.0,205.74,99.79024,Utah,USA,2017,1,27,70,18.7,5.5,2.5,-1.3,0.025,0.127,0.233,0.546,0.113,2018-19,409
409,3265,3265,Shawn Marion,PHX,26.0,200.66,97.52228,Nevada-Las Vegas,USA,1999,1,9,79,19.0,9.3,2.7,-2.9,0.07400000000000001,0.189,0.227,0.513,0.116,2003-04,410
410,360,360,Kendall Gill,NJN,29.0,195.58,97.975872,Illinois,USA,1990,1,5,82,21.8,6.1,4.0,-3.6,0.058,0.114,0.255,0.53,0.182,1996-97,411
411,651,651,Shandon Anderson,UTA,24.0,198.12,95.25431999999999,Georgia,USA,1996,2,54,82,8.3,2.8,1.1,3.7,0.073,0.108,0.198,0.586,0.099,1997-98,412
412,673,673,Chucky Brown,ATL,30.0,203.2,97.52228,North Carolina State,USA,1989,2,43,77,5.0,2.4,0.7,2.8,0.058,0.119,0.177,0.472,0.077,1997-98,413
413,4075,4075,LeBron James,CLE,21.0,203.2,108.86208,None,USA,2003,1,1,79,31.4,7.0,6.6,4.2,0.026,0.171,0.336,0.568,0.315,2005-06,414
414,7738,7738,Alan Anderson,BKN,31.0,198.12,99.79024,Michigan State,USA,Undrafted,Undrafted,Undrafted,78,7.2,2.2,1.0,0.2,0.027000000000000003,0.08900000000000001,0.16,0.525,0.07400000000000001,2013-14,415
415,2847,2847,Eric Piatkowski,LAC,32.0,198.12,97.52228,Nebraska,USA,1994,1,15,62,9.7,2.5,1.1,0.2,0.038,0.091,0.184,0.601,0.087,2002-03,416
416,10396,10396,Patrick McCaw,TOR,23.0,200.66,83.91452,UNLV,USA,2016,2,38,29,2.6,1.7,1.0,-6.4,0.017,0.105,0.093,0.532,0.099,2018-19,417
417,10521,10521,Kyle Anderson,MEM,25.0,205.74,104.32616,UCLA,USA,2014,1,30,43,8.0,5.8,3.0,-2.1,0.038,0.161,0.127,0.569,0.155,2018-19,418
418,10444,10444,Wesley Matthews,IND,32.0,195.58,99.79024,Marquette,USA,Undrafted,Undrafted,Undrafted,69,12.2,2.5,2.3,-2.0,0.015,0.063,0.175,0.546,0.113,2018-19,419
419,4147,4147,Reece Gaines,MIL,25.0,198.12,92.98636,Louisville,USA,2003,1,15,12,1.1,0.0,0.3,-19.7,0.0,0.0,0.141,0.472,0.111,2005-06,420
420,3312,3312,Clifford Robinson,GSW,37.0,208.28,108.86208,Connecticut,USA,1989,2,36,82,11.8,3.9,3.3,-2.0,0.021,0.106,0.194,0.473,0.16,2003-04,421
421,1785,1785,Duane Causwell,MIA,33.0,213.36,115.66596,Temple,USA,1990,1,18,31,2.5,2.7,0.2,-8.7,0.07200000000000001,0.199,0.154,0.396,0.023,2000-01,422
422,10696,10696,Jayson Tatum,BOS,22.0,203.2,95.25431999999999,Duke,USA,2017,1,3,57,23.5,7.1,3.0,11.0,0.027000000000000003,0.16899999999999998,0.279,0.564,0.138,2019-20,423
423,2517,2517,Bob Sura,GSW,29.0,195.58,90.7184,Florida State,USA,1995,1,17,78,10.0,3.3,3.5,-4.8,0.053,0.106,0.209,0.53,0.263,2001-02,424
424,6339,6339,Etan Thomas,ATL,33.0,208.28,117.93392,Syracuse,USA,2000,1,12,13,2.5,1.8,0.2,-19.4,0.076,0.262,0.177,0.58,0.05,2010-11,425
425,3118,3118,Kendall Gill,CHI,36.0,195.58,97.975872,Illinois,USA,1990,1,5,56,9.6,3.4,1.6,-9.8,0.046,0.1,0.219,0.443,0.122,2003-04,426
426,1053,1053,Shawn Bradley,DAL,27.0,228.6,119.294696,Brigham Young,USA,1993,1,2,49,8.6,8.0,0.8,5.4,0.114,0.226,0.16399999999999998,0.527,0.051,1998-99,427
427,6657,6657,Ronnie Brewer,CHI,26.0,200.66,102.965384,Arkansas,USA,2006,1,14,81,6.2,3.2,1.7,9.8,0.036000000000000004,0.128,0.14,0.518,0.126,2010-11,428
428,8346,8346,Kosta Koufos,MEM,26.0,213.36,120.20188,Ohio State,USA,2008,1,23,81,5.2,5.3,0.5,4.3,0.097,0.246,0.158,0.53,0.044,2014-15,429
429,764,764,Benoit Benjamin,PHI,33.0,213.36,120.20188,Creighton,USA,1985,1,3,14,4.5,3.8,0.2,2.5,0.106,0.246,0.147,0.581,0.024,1997-98,430
430,10693,10693,Isaiah Thomas,WAS,31.0,175.26,83.91452,Washington,USA,2011,2,60,40,12.2,1.7,3.7,-10.4,0.011,0.063,0.236,0.531,0.224,2019-20,431
431,9035,9035,Dwight Powell,DAL,24.0,210.82,108.86208,Stanford,Canada,2014,2,45,69,5.8,4.0,0.6,-1.0,0.091,0.214,0.182,0.557,0.077,2015-16,432
432,5325,5325,Ronnie Price,UTA,25.0,187.96,86.18248,Utah Valley,USA,Undrafted,Undrafted,Undrafted,61,3.7,0.8,1.3,13.8,0.016,0.079,0.194,0.516,0.202,2007-08,433
433,2210,2210,Michael Doleac,CLE,25.0,210.82,118.841104,Utah,USA,1998,1,12,42,4.6,4.0,0.6,-8.7,0.08,0.208,0.158,0.468,0.056,2001-02,434
434,4972,4972,Grant Hill,PHX,35.0,203.2,102.0582,Duke,USA,1994,1,3,70,13.1,5.0,2.9,8.5,0.041,0.131,0.18,0.5760000000000001,0.13,2007-08,435
435,1703,1703,Mark Davis,GSW,27.0,200.66,92.98636,Texas Tech,USA,1995,2,48,23,6.2,3.7,1.7,-4.8,0.066,0.131,0.177,0.453,0.129,1999-00,436
436,2154,2154,Shawn Marion,PHX,23.0,200.66,97.52228,Nevada-Las Vegas,USA,1999,1,9,79,17.3,10.7,2.0,4.8,0.086,0.254,0.222,0.532,0.102,2000-01,437
437,9563,9563,Eric Bledsoe,MIL,28.0,185.42,92.98636,Kentucky,USA,2010,1,18,74,17.7,3.8,5.0,2.7,0.023,0.1,0.254,0.5820000000000001,0.246,2017-18,438
438,2516,2516,Bobby Jackson,SAC,29.0,185.42,83.91452,Minnesota,USA,1997,1,23,81,11.1,3.1,2.0,8.6,0.05,0.105,0.232,0.537,0.157,2001-02,439
439,9228,9228,Julius Randle,LAL,22.0,205.74,113.398,Kentucky,USA,2014,1,7,74,13.2,8.6,3.6,-10.2,0.07400000000000001,0.254,0.215,0.5429999999999999,0.195,2016-17,440
440,8166,8166,Dwight Buycks,LAL,26.0,190.5,86.18248,Marquette,USA,Undrafted,Undrafted,Undrafted,6,8.7,2.0,2.3,-13.6,0.018000000000000002,0.092,0.21,0.586,0.206,2014-15,441
441,5746,5746,Speedy Claxton,ATL,31.0,180.34,77.11064,Hofstra,USA,2000,1,20,2,2.5,0.0,1.5,-14.1,0.0,0.0,0.267,0.317,0.375,2008-09,442
442,7553,7553,Andrew Nicholson,ORL,23.0,205.74,113.398,St. Bonaventure,Canada,2012,1,19,75,7.8,3.4,0.6,-6.9,0.063,0.172,0.221,0.557,0.062,2012-13,443
443,4593,4593,Andray Blatche,WAS,20.0,210.82,112.490816,None,USA,2005,2,49,56,3.7,3.4,0.7,-6.6,0.122,0.197,0.172,0.471,0.094,2006-07,444
444,10981,10981,Wesley Matthews,MIL,33.0,193.04,99.79024,Marquette,USA,Undrafted,Undrafted,Undrafted,60,7.6,2.5,1.5,13.0,0.013,0.07400000000000001,0.124,0.552,0.075,2019-20,445
445,1516,1516,Bryant Stith,DEN,29.0,195.58,94.347136,Virginia,USA,1992,1,13,45,5.6,1.9,1.4,1.7,0.036000000000000004,0.097,0.162,0.568,0.138,1999-00,446
446,8769,8769,Jabari Parker,MIL,21.0,203.2,113.398,Duke,USA,2014,1,2,76,14.1,5.2,1.7,-3.4,0.059,0.127,0.208,0.535,0.086,2015-16,447
447,3325,3325,Daniel Santiago,MIL,28.0,215.9,117.93392,Saint Vincent,Puerto Rico,Undrafted,Undrafted,Undrafted,54,4.0,2.4,0.4,2.9,0.056,0.156,0.153,0.536,0.052000000000000005,2003-04,448
448,4417,4417,Emeka Okafor,CHA,23.0,208.28,114.305184,Connecticut,USA,2004,1,2,26,13.2,10.0,1.2,-4.0,0.118,0.228,0.21600000000000005,0.464,0.06,2005-06,449
449,10445,10445,Will Barton,DEN,28.0,198.12,86.18248,Memphis,USA,2012,2,40,43,11.5,4.6,2.9,0.6,0.026,0.13699999999999998,0.195,0.501,0.146,2018-19,450
450,1904,1904,Al Harrington,IND,21.0,205.74,115.212368,None,USA,1998,1,25,78,7.5,4.9,1.7,0.5,0.07400000000000001,0.151,0.187,0.479,0.116,2000-01,451
451,7890,7890,Isaiah Thomas,SAC,25.0,175.26,83.91452,Washington,USA,2011,2,60,72,20.3,2.9,6.3,0.2,0.021,0.07400000000000001,0.258,0.574,0.317,2013-14,452
452,2145,2145,Shawn Kemp,POR,31.0,208.28,127.00576,Trinity Valley Community College,USA,1989,1,17,68,6.5,3.8,1.0,-1.5,0.071,0.221,0.243,0.469,0.106,2000-01,453
453,10680,10680,Elie Okobo,PHX,22.0,190.5,86.18248,None,France,2018,2,31,53,4.1,1.7,2.1,-3.4,0.022,0.101,0.149,0.511,0.227,2019-20,454
454,6973,6973,Jeremy Evans,UTA,24.0,205.74,87.996848,Western Kentucky,USA,2010,2,55,29,2.1,1.7,0.4,-9.7,0.102,0.156,0.112,0.632,0.099,2011-12,455
455,6237,6237,LaMarcus Aldridge,POR,25.0,210.82,108.86208,Texas,USA,2006,1,2,81,21.8,8.8,2.1,4.1,0.103,0.171,0.258,0.5489999999999999,0.099,2010-11,456
456,9190,9190,Justin Holiday,NYK,28.0,198.12,83.91452,Washington,USA,Undrafted,Undrafted,Undrafted,82,7.7,2.7,1.2,-1.7,0.018000000000000002,0.13,0.16899999999999998,0.5489999999999999,0.095,2016-17,457
457,3822,3822,Jumaine Jones,LAL,26.0,203.2,98.883056,Georgia,USA,1999,1,27,76,7.6,5.2,0.9,-1.0,0.067,0.179,0.141,0.556,0.057,2004-05,458
458,6550,6550,Tayshaun Prince,DET,31.0,205.74,97.52228,Kentucky,USA,2002,1,23,78,14.1,4.2,2.8,-3.8,0.036000000000000004,0.126,0.211,0.511,0.142,2010-11,459
459,10272,10272,Andre Drummond,DET,25.0,210.82,126.552168,Connecticut,USA,2012,1,9,79,17.3,15.6,1.4,3.3,0.151,0.311,0.226,0.555,0.068,2018-19,460
460,3037,3037,Raef LaFrentz,DAL,27.0,210.82,111.13004,Kansas,USA,1998,1,3,69,9.3,4.8,0.8,7.7,0.085,0.142,0.168,0.578,0.05,2002-03,461
461,2582,2582,Grant Hill,ORL,29.0,203.2,102.0582,Duke,USA,1994,1,3,14,16.8,8.9,4.6,1.3,0.057,0.21,0.225,0.51,0.206,2001-02,462
462,1512,1512,Brian Skinner,LAC,24.0,205.74,115.66596,Baylor,USA,1998,1,22,33,5.4,6.1,0.3,-6.9,0.093,0.2,0.115,0.55,0.024,1999-00,463
463,7359,7359,Jared Jeffries,POR,31.0,210.82,108.86208,Indiana,USA,2002,1,11,38,1.2,1.6,0.4,2.8,0.09,0.125,0.108,0.343,0.058,2012-13,464
464,10909,10909,Stanley Johnson,TOR,23.0,198.12,109.76926399999999,Arizona,USA,2015,1,8,20,1.2,1.1,0.4,-4.9,0.028,0.162,0.177,0.342,0.129,2019-20,465
465,10225,10225,Jaren Jackson Jr.,MEM,19.0,210.82,109.76926399999999,Michigan State,USA,2018,1,4,58,13.8,4.7,1.1,-2.3,0.049,0.132,0.231,0.591,0.07400000000000001,2018-19,466
466,8614,8614,Michael Carter-Williams,MIL,24.0,198.12,86.18248,Syracuse,USA,2013,1,11,54,11.5,5.1,5.2,-3.3,0.033,0.154,0.21,0.498,0.264,2015-16,467
467,2899,2899,Rodney White,DEN,23.0,205.74,104.32616,North Carolina-Charlotte,USA,2001,1,9,72,9.0,3.0,1.7,-11.3,0.03,0.127,0.24,0.469,0.156,2002-03,468
468,6004,6004,Jordan Hill,HOU,22.0,208.28,106.59412,Arizona,USA,2009,1,8,47,5.2,3.7,0.4,-2.8,0.126,0.195,0.181,0.528,0.052000000000000005,2009-10,469
469,8620,8620,Mike Scott,ATL,27.0,203.2,107.501304,Virginia,USA,2012,2,43,75,6.2,2.7,1.0,5.1,0.052000000000000005,0.14400000000000002,0.17600000000000002,0.575,0.106,2015-16,470
470,9122,9122,Wayne Ellington,MIA,29.0,193.04,90.7184,North Carolina,USA,2009,1,28,62,10.5,2.1,1.1,2.7,0.013,0.087,0.179,0.565,0.07,2016-17,471
471,8101,8101,John Henson,MIL,23.0,210.82,99.79024,North Carolina,USA,2012,1,14,70,11.1,7.1,1.6,-11.5,0.105,0.208,0.204,0.5429999999999999,0.111,2013-14,472
472,6669,6669,Raymond Felton,DEN,27.0,185.42,92.98636,North Carolina,USA,2005,1,5,75,15.5,3.6,8.3,2.9,0.02,0.091,0.215,0.524,0.34700000000000003,2010-11,473
473,1491,1491,Clar. Weatherspoon,MIA,29.0,200.66,120.20188,Southern Mississippi,USA,1992,1,9,78,7.2,5.8,1.2,3.3,0.1,0.223,0.177,0.5660000000000001,0.1,1999-00,474
474,70,70,Jaren Jackson,WAS,29.0,198.12,95.25431999999999,Georgetown,USA,Undrafted,Undrafted,Undrafted,75,5.0,1.8,0.9,1.7,0.03,0.104,0.16699999999999998,0.52,0.09,1996-97,475
475,7103,7103,Manu Ginobili,SAS,34.0,198.12,92.98636,None,Argentina,1999,2,57,34,12.9,3.4,4.4,16.1,0.029,0.138,0.225,0.6679999999999999,0.27,2011-12,476
476,6311,6311,Johan Petro,NJN,25.0,213.36,112.037224,None,France,2005,1,25,77,3.5,2.8,0.6,-6.4,0.083,0.208,0.187,0.452,0.08800000000000001,2010-11,477
477,3315,3315,DeSagana Diop,CLE,22.0,213.36,136.0776,None,Senegal,2001,1,8,56,2.3,3.6,0.6,-4.3,0.108,0.192,0.118,0.404,0.078,2003-04,478
478,6794,6794,DeJuan Blair,SAS,23.0,200.66,122.46984,Pittsburgh,USA,2009,2,37,64,9.5,5.5,1.2,2.1,0.129,0.16399999999999998,0.214,0.5489999999999999,0.091,2011-12,479
479,3274,3274,Sean Lampley,GSW,24.0,198.12,96.615096,California,USA,2001,2,44,10,3.4,1.1,0.2,21.8,0.045,0.14800000000000002,0.213,0.672,0.043,2003-04,480
480,5896,5896,Johan Petro,DEN,24.0,213.36,112.037224,None,France,2005,1,25,36,3.4,3.6,0.4,0.5,0.085,0.246,0.139,0.5529999999999999,0.045,2009-10,481
481,592,592,Vinny Del Negro,SAS,31.0,193.04,90.7184,North Carolina State,USA,1988,2,29,54,9.5,2.8,3.4,4.0,0.009000000000000001,0.09,0.158,0.493,0.172,1997-98,482
482,8704,8704,O.J. Mayo,MIL,28.0,195.58,95.25431999999999,Southern California,USA,2008,1,3,41,7.8,2.6,2.9,-1.2,0.013,0.094,0.16899999999999998,0.474,0.156,2015-16,483
483,6774,6774,Dennis Horner,NJN,24.0,205.74,104.32616,North Carolina State,USA,Undrafted,Undrafted,Undrafted,8,0.6,0.6,0.0,-40.1,0.095,0.2,0.145,0.434,0.0,2011-12,484
484,7654,7654,Shane Battier,MIA,35.0,203.2,99.79024,Duke,USA,2001,1,6,73,4.1,1.9,0.9,8.5,0.03,0.087,0.099,0.523,0.057,2013-14,485
485,3724,3724,Scott Padgett,HOU,29.0,205.74,108.86208,Kentucky,USA,1999,1,28,66,4.2,2.8,0.8,11.2,0.059,0.161,0.139,0.5489999999999999,0.096,2004-05,486
486,5551,5551,Jeremy Richardson,ORL,25.0,200.66,88.45044,Delta State,USA,Undrafted,Undrafted,Undrafted,12,3.1,1.2,0.3,-16.4,0.009000000000000001,0.146,0.261,0.358,0.067,2008-09,487
487,5820,5820,Henry Walker,NYK,22.0,198.12,99.79024,Kansas State,USA,2008,2,47,35,9.4,2.5,1.1,0.5,0.022,0.11,0.165,0.649,0.079,2009-10,488
488,7751,7751,Tobias Harris,ORL,21.0,205.74,106.59412,Tennessee,USA,2011,1,19,61,14.6,7.0,1.3,-6.5,0.052000000000000005,0.209,0.222,0.542,0.077,2013-14,489
489,8697,8697,Nikola Jokic,DEN,21.0,208.28,113.398,None,Serbia,2014,2,41,80,10.0,7.0,2.4,1.2,0.113,0.248,0.198,0.5820000000000001,0.17600000000000002,2015-16,490
490,2485,2485,Antonio Daniels,SAS,27.0,193.04,92.98636,Bowling Green,USA,1997,1,4,82,9.2,2.1,2.8,7.0,0.013,0.078,0.166,0.534,0.17600000000000002,2001-02,491
491,4789,4789,Luke Ridnour,SEA,26.0,185.42,75.749864,Oregon,USA,2003,1,14,71,11.0,2.3,5.2,-3.9,0.016,0.078,0.198,0.509,0.276,2006-07,492
492,216,216,Chris Robinson,VAN,23.0,195.58,90.7184,Western Kentucky,USA,1996,2,51,41,4.6,1.7,1.6,-11.4,0.039,0.08800000000000001,0.155,0.486,0.156,1996-97,493
493,2592,2592,Doug Christie,SAC,32.0,198.12,92.98636,Pepperdine,USA,1992,1,17,81,12.0,4.6,4.2,8.2,0.029,0.114,0.157,0.578,0.16899999999999998,2001-02,494
494,6292,6292,Lou Amundson,GSW,28.0,205.74,102.0582,Nevada-Las Vegas,USA,Undrafted,Undrafted,Undrafted,46,4.3,4.0,0.4,-5.5,0.121,0.162,0.155,0.452,0.039,2010-11,495
495,4140,4140,Shawn Marion,PHX,28.0,200.66,103.418976,Nevada-Las Vegas,USA,1999,1,9,81,21.8,11.8,1.8,7.1,0.086,0.238,0.222,0.591,0.068,2005-06,496
496,2075,2075,Lamond Murray,CLE,28.0,200.66,107.047712,California,USA,1994,1,7,78,12.8,4.4,1.6,-4.9,0.054000000000000006,0.124,0.233,0.49,0.099,2000-01,497
497,6935,6935,Jon Leuer,MIL,23.0,208.28,103.418976,Wisconsin,USA,2011,2,40,46,4.7,2.6,0.5,0.2,0.087,0.162,0.174,0.536,0.07200000000000001,2011-12,498
498,4100,4100,Steven Hunter,PHI,24.0,213.36,108.86208,DePaul,USA,2001,1,15,69,6.1,3.9,0.2,-1.7,0.099,0.14,0.146,0.598,0.021,2005-06,499
499,747,747,Anthony Mason,CHH,31.0,203.2,113.398,Tennessee State,USA,1988,3,53,81,12.8,10.2,4.2,2.5,0.07,0.247,0.162,0.552,0.174,1997-98,500
